Workbook
Name Slicer_Calculate_Each_Price_Index_Category_Percentage_Value: #N/A
Name Slicer_List_of_Categories: #N/A

Sheet Sheet3
A1: Sector | B1: Year | C1: Month | D1: Cereals and products | E1: Meat and fish | F1: Egg | G1: Milk and products | H1: Oils and fats | I1: Fruits | J1: Vegetables | K1: Pulses and products | L1: Sugar and Confectionery | M1: Spices | N1: Non-alcoholic beverages | O1: Prepared meals, snacks, sweets etc. | P1: Food and beverages | Q1: Housing | R1: Fuel and light | S1: Household goods and services | T1: Health | U1: Transport and communication | V1: Recreation and amusement | W1: Education | X1: Personal care and effects | Y1: Miscellaneous | Z1: General index | AA1: Food | AB1: Energy/Fuel | AC1: Transportation | AD1: Housing | AE1: Healthcare | AF1: Education & Recreation | AG1: Others
A2: Rural | B2: 2022 | C2: September | D2: 162.9 | E2: 206.7 | F2: 169 | G2: 169.5 | H2: 194.1 | I2: 164.1 | J2: 176.9 | K2: 169 | L2: 120.8 | M2: 199.1 | N2: 175.4 | O2: 184.8 | P2: 175.5 | Q2: 162.1 | R2: 179.7 | S2: 173.6 | T2: 180.2 | U2: 166.9 | V2: 170 | W2: 176.2 | X2: 170.8 | Y2: 173.1 | Z2: 176.4 | AA2: =SUM(Table14[[#This Row],[Cereals and products]:[Food and beverages]])/13 -> 174.44615 | AB2: =SUM(Table14[[#This Row],[Fuel and light]]) -> 179.7 | AC2: =SUM(Table14[[#This Row],[Transport and communication]]) -> 166.9 | AD2: =SUM(Table14[[#This Row],[Housing]],Table14[[#This Row],[Household goods and services]])/2 -> 167.85 | AE2: =SUM(Table14[[#This Row],[Health]]) -> 180.2 | AF2: =SUM(Table14[[#This Row],[Recreation and amusement]],Table14[[#This Row],[Education]])/2 -> 173.1 | AG2: =SUM(Table14[[#This Row],[Miscellaneous]],Table14[[#This Row],[Personal care and effects]])/2 -> 171.95
A3: Rural+Urban | B3: 2022 | C3: September | D3: 163.5 | E3: 209.2 | F3: 169.7 | G3: 169.7 | H3: 188.7 | I3: 165.7 | J3: 191.8 | K3: 169.1 | L3: 121.6 | M3: 197.3 | N3: 169.4 | O3: 187.4 | P3: 177.8 | Q3: 169.5 | R3: 179.5 | S3: 169.5 | T3: 177.8 | U3: 162.3 | V3: 167.6 | W3: 173.1 | X3: 170.9 | Y3: 169.7 | Z3: 175.3 | AA3: =SUM(Table14[[#This Row],[Cereals and products]:[Food and beverages]])/13 -> 175.45385 | AB3: =SUM(Table14[[#This Row],[Fuel and light]]) -> 179.5 | AC3: =SUM(Table14[[#This Row],[Transport and communication]]) -> 162.3 | AD3: =SUM(Table14[[#This Row],[Housing]],Table14[[#This Row],[Household goods and services]])/2 -> 169.5 | AE3: =SUM(Table14[[#This Row],[Health]]) -> 177.8 | AF3: =SUM(Table14[[#This Row],[Recreation and amusement]],Table14[[#This Row],[Education]])/2 -> 170.35 | AG3: =SUM(Table14[[#This Row],[Miscellaneous]],Table14[[#This Row],[Personal care and effects]])/2 -> 170.3
A4: Urban | B4: 2022 | C4: September | D4: 164.9 | E4: 213.7 | F4: 170.9 | G4: 170.1 | H4: 179.3 | I4: 167.5 | J4: 220.8 | K4: 169.2 | L4: 123.1 | M4: 193.6 | N4: 161.1 | O4: 190.4 | P4: 181.8 | Q4: 169.5 | R4: 179.2 | S4: 165 | T4: 173.8 | U4: 158.2 | V4: 165.8 | W4: 170.9 | X4: 171.1 | Y4: 166.1 | Z4: 174.1 | AA4: =SUM(Table14[[#This Row],[Cereals and products]:[Food and beverages]])/13 -> 177.41538 | AB4: =SUM(Table14[[#This Row],[Fuel and light]]) -> 179.2 | AC4: =SUM(Table14[[#This Row],[Transport and communication]]) -> 158.2 | AD4: =SUM(Table14[[#This Row],[Housing]],Table14[[#This Row],[Household goods and services]])/2 -> 167.25 | AE4: =SUM(Table14[[#This Row],[Health]]) -> 173.8 | AF4: =SUM(Table14[[#This Row],[Recreation and amusement]],Table14[[#This Row],[Education]])/2 -> 168.35 | AG4: =SUM(Table14[[#This Row],[Miscellaneous]],Table14[[#This Row],[Personal care and effects]])/2 -> 168.6
A5: Rural | B5: 2019 | C5: August | D5: 139.2 | E5: 161.9 | F5: 137.1 | G5: 144.6 | H5: 124.7 | I5: 145.5 | J5: 156.2 | K5: 131.5 | L5: 111.7 | M5: 142.7 | N5: 138.5 | O5: 156.9 | P5: 144 | Q5: =AVERAGE(Q6:Q7) -> 151.6 | R5: 146.4 | S5: 150.2 | T5: 152.7 | U5: 131.4 | V5: 148 | W5: 159.7 | X5: 138.8 | Y5: 144.9 | Z5: 145.7 | AA5: =SUM(Table14[[#This Row],[Cereals and products]:[Food and beverages]])/13 -> 141.11538 | AB5: =SUM(Table14[[#This Row],[Fuel and light]]) -> 146.4 | AC5: =SUM(Table14[[#This Row],[Transport and communication]]) -> 131.4 | AD5: =SUM(Table14[[#This Row],[Housing]],Table14[[#This Row],[Household goods and services]])/2 -> 150.9 | AE5: =SUM(Table14[[#This Row],[Health]]) -> 152.7 | AF5: =SUM(Table14[[#This Row],[Recreation and amusement]],Table14[[#This Row],[Education]])/2 -> 153.85 | AG5: =SUM(Table14[[#This Row],[Miscellaneous]],Table14[[#This Row],[Personal care and effects]])/2 -> 141.85
A6: Rural+Urban | B6: 2019 | C6: August | D6: 140.1 | E6: 160.6 | F6: 138.5 | G6: 144.7 | H6: 122.9 | I6: 149.4 | J6: 167.4 | K6: 130.9 | L6: 112 | M6: 142.6 | N6: 134.9 | O6: 156.6 | P6: 145.9 | Q6: 151.6 | R6: 138.5 | S6: 144.5 | T6: 148.5 | U6: 125.8 | V6: 140.9 | W6: 154.9 | X6: 138.4 | Y6: 140.2 | Z6: 145 | AA6: =SUM(Table14[[#This Row],[Cereals and products]:[Food and beverages]])/13 -> 142.03846 | AB6: =SUM(Table14[[#This Row],[Fuel and light]]) -> 138.5 | AC6: =SUM(Table14[[#This Row],[Transport and communication]]) -> 125.8 | AD6: =SUM(Table14[[#This Row],[Housing]],Table14[[#This Row],[Household goods and services]])/2 -> 148.05 | AE6: =SUM(Table14[[#This Row],[Health]]) -> 148.5 | AF6: =SUM(Table14[[#This Row],[Recreation and amusement]],Table14[[#This Row],[Education]])/2 -> 147.9 | AG6: =SUM(Table14[[#This Row],[Miscellaneous]],Table14[[#This Row],[Personal care and effects]])/2 -> 139.3
A7: Urban | B7: 2019 | C7: August | D7: 142.1 | E7: 158.3 | F7: 140.8 | G7: 144.9 | H7: 119.9 | I7: 153.9 | J7: 189.1 | K7: 129.8 | L7: 112.7 | M7: 142.5 | N7: 129.8 | O7: 156.2 | P7: 149.1 | Q7: 151.6 | R7: 125.5 | S7: 138.1 | T7: 141.5 | U7: 120.8 | V7: 135.4 | W7: 151.5 | X7: 137.8 | Y7: 135.3 | Z7: 144.2 | AA7: =SUM(Table14[[#This Row],[Cereals and products]:[Food and beverages]])/13 -> 143.77692 | AB7: =SUM(Table14[[#This Row],[Fuel and light]]) -> 125.5 | AC7: =SUM(Table14[[#This Row],[Transport and communication]]) -> 120.8 | AD7: =SUM(Table14[[#This Row],[Housing]],Table14[[#This Row],[Household goods and services]])/2 -> 144.85 | AE7: =SUM(Table14[[#This Row],[Health]]) -> 141.5 | AF7: =SUM(Table14[[#This Row],[Recreation and amusement]],Table14[[#This Row],[Education]])/2 -> 143.45 | AG7: =SUM(Table14[[#This Row],[Miscellaneous]],Table14[[#This Row],[Personal care and effects]])/2 -> 136.55
A8: Rural | B8: 2019 | C8: December | D8: 142.8 | E8: 165.3 | F8: 149.5 | G8: 148.7 | H8: 127.5 | I8: 144.3 | J8: 209.5 | K8: 138.8 | L8: 113.6 | M8: 149.1 | N8: 139.3 | O8: 158.3 | P8: 154.3 | Q8: =AVERAGE(Q9:Q10) -> 152.8 | R8: 149.9 | S8: 151.2 | T8: 154.8 | U8: 135 | V8: 149.5 | W8: 161.1 | X8: 140.6 | Y8: 147.1 | Z8: 152.3 | AA8: =SUM(Table14[[#This Row],[Cereals and products]:[Food and beverages]])/13 -> 149.30769 | AB8: =SUM(Table14[[#This Row],[Fuel and light]]) -> 149.9 | AC8: =SUM(Table14[[#This Row],[Transport and communication]]) -> 135 | AD8: =SUM(Table14[[#This Row],[Housing]],Table14[[#This Row],[Household goods and services]])/2 -> 152 | AE8: =SUM(Table14[[#This Row],[Health]]) -> 154.8 | AF8: =SUM(Table14[[#This Row],[Recreation and amusement]],Table14[[#This Row],[Education]])/2 -> 155.3 | AG8: =SUM(Table14[[#This Row],[Miscellaneous]],Table14[[#This Row],[Personal care and effects]])/2 -> 143.85
A9: Rural+Urban | B9: 2019 | C9: December | D9: 143.5 | E9: 165 | F9: 151.1 | G9: 148.3 | H9: 125.7 | I9: 145.7 | J9: 217 | K9: 138.3 | L9: 114 | M9: 148.7 | N9: 135.8 | O9: 158 | P9: 155 | Q9: 152.8 | R9: 143.7 | S9: 145.8 | T9: 150.4 | U9: 129.8 | V9: 142.3 | W9: 155.7 | X9: 140.4 | Y9: 142.5 | Z9: 150.4 | AA9: =SUM(Table14[[#This Row],[Cereals and products]:[Food and beverages]])/13 -> 149.7 | AB9: =SUM(Table14[[#This Row],[Fuel and light]]) -> 143.7 | AC9: =SUM(Table14[[#This Row],[Transport and communication]]) -> 129.8 | AD9: =SUM(Table14[[#This Row],[Housing]],Table14[[#This Row],[Household goods and services]])/2 -> 149.3 | AE9: =SUM(Table14[[#This Row],[Health]]) -> 150.4 | AF9: =SUM(Table14[[#This Row],[Recreation and amusement]],Table14[[#This Row],[Education]])/2 -> 149 | AG9: =SUM(Table14[[#This Row],[Miscellaneous]],Table14[[#This Row],[Personal care and effects]])/2 -> 141.45
A10: Urban | B10: 2019 | C10: December | D10: 144.9 | E10: 164.5 | F10: 153.7 | G10: 147.5 | H10: 122.7 | I10: 147.2 | J10: 231.5 | K10: 137.2 | L10: 114.7 | M10: 148 | N10: 130.8 | O10: 157.7 | P10: 156.3 | Q10: 152.8 | R10: 133.6 | S10: 139.8 | T10: 143.2 | U10: 125.2 | V10: 136.8 | W10: 151.9 | X10: 140.2 | Y10: 137.7 | Z10: 148.3 | AA10: =SUM(Table14[[#This Row],[Cereals and products]:[Food and beverages]])/13 -> 150.51538 | AB10: =SUM(Table14[[#This Row],[Fuel and light]]) -> 133.6 | AC10: =SUM(Table14[[#This Row],[Transport and communication]]) -> 125.2 | AD10: =SUM(Table14[[#This Row],[Housing]],Table14[[#This Row],[Household goods and services]])/2 -> 146.3 | AE10: =SUM(Table14[[#This Row],[Health]]) -> 143.2 | AF10: =SUM(Table14[[#This Row],[Recreation and amusement]],Table14[[#This Row],[Education]])/2 -> 144.35 | AG10: =SUM(Table14[[#This Row],[Miscellaneous]],Table14[[#This Row],[Personal care and effects]])/2 -> 138.95
A11: Rural | B11: 2019 | C11: February | D11: 136.8 | E11: 153 | F11: 139.1 | G11: 142.5 | H11: 124.1 | I11: 135.8 | J11: 128.7 | K11: 121.5 | L11: 108.3 | M11: 139.2 | N11: 137.4 | O11: 156.2 | P11: 137.2 | Q11: =AVERAGE(Q12:Q13) -> 148.5 | R11: 145.3 | S11: 150.1 | T11: 149.9 | U11: 129.2 | V11: 143.4 | W11: 155.5 | X11: 134.9 | Y11: 142.2 | Z11: 141 | AA11: =SUM(Table14[[#This Row],[Cereals and products]:[Food and beverages]])/13 -> 135.36923 | AB11: =SUM(Table14[[#This Row],[Fuel and light]]) -> 145.3 | AC11: =SUM(Table14[[#This Row],[Transport and communication]]) -> 129.2 | AD11: =SUM(Table14[[#This Row],[Housing]],Table14[[#This Row],[Household goods and services]])/2 -> 149.3 | AE11: =SUM(Table14[[#This Row],[Health]]) -> 149.9 | AF11: =SUM(Table14[[#This Row],[Recreation and amusement]],Table14[[#This Row],[Education]])/2 -> 149.45 | AG11: =SUM(Table14[[#This Row],[Miscellaneous]],Table14[[#This Row],[Personal care and effects]])/2 -> 138.55
A12: Rural+Urban | B12: 2019 | C12: February | D12: 137.6 | E12: 152 | F12: 141.5 | G12: 142.2 | H12: 122 | I12: 136.4 | J12: 129.7 | K12: 121 | L12: 109 | M12: 139.7 | N12: 133.6 | O12: 154.9 | P12: 137.5 | Q12: 148.5 | R12: 138.4 | S12: 143.7 | T12: 145.6 | U12: 123.9 | V12: 137.1 | W12: 150.3 | X12: 134.1 | Y12: 137.4 | Z12: 139.9 | AA12: =SUM(Table14[[#This Row],[Cereals and products]:[Food and beverages]])/13 -> 135.16154 | AB12: =SUM(Table14[[#This Row],[Fuel and light]]) -> 138.4 | AC12: =SUM(Table14[[#This Row],[Transport and communication]]) -> 123.9 | AD12: =SUM(Table14[[#This Row],[Housing]],Table14[[#This Row],[Household goods and services]])/2 -> 146.1 | AE12: =SUM(Table14[[#This Row],[Health]]) -> 145.6 | AF12: =SUM(Table14[[#This Row],[Recreation and amusement]],Table14[[#This Row],[Education]])/2 -> 143.7 | AG12: =SUM(Table14[[#This Row],[Miscellaneous]],Table14[[#This Row],[Personal care and effects]])/2 -> 135.75
A13: Urban | B13: 2019 | C13: February | D13: 139.4 | E13: 150.1 | F13: 145.3 | G13: 141.7 | H13: 118.4 | I13: 137 | J13: 131.6 | K13: 119.9 | L13: 110.4 | M13: 140.8 | N13: 128.3 | O13: 153.5 | P13: 138 | Q13: 148.5 | R13: 127.1 | S13: 136.6 | T13: 138.5 | U13: 119.2 | V13: 132.2 | W13: 146.6 | X13: 133 | Y13: 132.4 | Z13: 138.6 | AA13: =SUM(Table14[[#This Row],[Cereals and products]:[Food and beverages]])/13 -> 134.95385 | AB13: =SUM(Table14[[#This Row],[Fuel and light]]) -> 127.1 | AC13: =SUM(Table14[[#This Row],[Transport and communication]]) -> 119.2 | AD13: =SUM(Table14[[#This Row],[Housing]],Table14[[#This Row],[Household goods and services]])/2 -> 142.55 | AE13: =SUM(Table14[[#This Row],[Health]]) -> 138.5 | AF13: =SUM(Table14[[#This Row],[Recreation and amusement]],Table14[[#This Row],[Education]])/2 -> 139.4 | AG13: =SUM(Table14[[#This Row],[Miscellaneous]],Table14[[#This Row],[Personal care and effects]])/2 -> 132.7
A14: Urban | B14: 2018 | C14: September | D14: 137 | E14: 143.1 | F14: 132.8 | G14: 141.5 | H14: 117.8 | I14: 140 | J14: 151.3 | K14: 113.5 | L14: 112.3 | M14: 141.2 | N14: 127.7 | O14: 151.3 | P14: 138.9 | Q14: 145.3 | R14: 131.2 | S14: 134.9 | T14: 135.7 | U14: 122.5 | V14: 130.2 | W14: 145.2 | X14: 129.3 | Y14: 131.9 | Z14: 138.1 | AA14: =SUM(Table14[[#This Row],[Cereals and products]:[Food and beverages]])/13 -> 134.49231 | AB14: =SUM(Table14[[#This Row],[Fuel and light]]) -> 131.2 | AC14: =SUM(Table14[[#This Row],[Transport and communication]]) -> 122.5 | AD14: =SUM(Table14[[#This Row],[Housing]],Table14[[#This Row],[Household goods and services]])/2 -> 140.1 | AE14: =SUM(Table14[[#This Row],[Health]]) -> 135.7 | AF14: =SUM(Table14[[#This Row],[Recreation and amusement]],Table14[[#This Row],[Education]])/2 -> 137.7 | AG14: =SUM(Table14[[#This Row],[Miscellaneous]],Table14[[#This Row],[Personal care and effects]])/2 -> 130.6
A15: Rural+Urban | B15: 2018 | C15: September | D15: 138.6 | E15: 145.8 | F15: 135.1 | G15: 142.9 | H15: 122.1 | I15: 145.4 | J15: 150 | K15: 121.4 | L15: 113.7 | M15: 139.5 | N15: 130.8 | O15: 153.8 | P15: 140.4 | Q15: 145.3 | R15: 142.3 | S15: 139.7 | T15: 138.4 | U15: 126 | V15: 134.5 | W15: 146.2 | X15: 130.9 | Y15: 134.7 | Z15: 140.2 | AA15: =SUM(Table14[[#This Row],[Cereals and products]:[Food and beverages]])/13 -> 136.88462 | AB15: =SUM(Table14[[#This Row],[Fuel and light]]) -> 142.3 | AC15: =SUM(Table14[[#This Row],[Transport and communication]]) -> 126 | AD15: =SUM(Table14[[#This Row],[Housing]],Table14[[#This Row],[Household goods and services]])/2 -> 142.5 | AE15: =SUM(Table14[[#This Row],[Health]]) -> 138.4 | AF15: =SUM(Table14[[#This Row],[Recreation and amusement]],Table14[[#This Row],[Education]])/2 -> 140.35 | AG15: =SUM(Table14[[#This Row],[Miscellaneous]],Table14[[#This Row],[Personal care and effects]])/2 -> 132.8
A16: Rural | B16: 2018 | C16: September | D16: 139.4 | E16: 147.2 | F16: 136.6 | G16: 143.7 | H16: 124.6 | I16: 150.1 | J16: 149.4 | K16: 125.4 | L16: 114.4 | M16: 138.7 | N16: 133.1 | O16: 155.9 | P16: 141.3 | Q16: 145.3 | R16: 149 | S16: 144 | T16: 140 | U16: 129.9 | V16: 140 | W16: 147.6 | X16: 132 | Y16: 137.4 | Z16: 142.1 | AA16: =SUM(Table14[[#This Row],[Cereals and products]:[Food and beverages]])/13 -> 138.44615 | AB16: =SUM(Table14[[#This Row],[Fuel and light]]) -> 149 | AC16: =SUM(Table14[[#This Row],[Transport and communication]]) -> 129.9 | AD16: =SUM(Table14[[#This Row],[Housing]],Table14[[#This Row],[Household goods and services]])/2 -> 144.65 | AE16: =SUM(Table14[[#This Row],[Health]]) -> 140 | AF16: =SUM(Table14[[#This Row],[Recreation and amusement]],Table14[[#This Row],[Education]])/2 -> 143.8 | AG16: =SUM(Table14[[#This Row],[Miscellaneous]],Table14[[#This Row],[Personal care and effects]])/2 -> 134.7
A17: Urban | B17: 2017 | C17: September | D17: 133.6 | E17: 143 | F17: 129.7 | G17: 138.7 | H17: 114.5 | I17: 137.5 | J17: 160.7 | K17: 124.5 | L17: 122.4 | M17: 137.3 | N17: 124.8 | O17: 145 | P17: 138 | Q17: 135.7 | R17: 120.6 | S17: 128.1 | T17: 126.1 | U17: 115.7 | V17: 124.5 | W17: 135.9 | X17: 124.4 | Y17: 124.5 | Z17: 132.4 | AA17: =SUM(Table14[[#This Row],[Cereals and products]:[Food and beverages]])/13 -> 134.59231 | AB17: =SUM(Table14[[#This Row],[Fuel and light]]) -> 120.6 | AC17: =SUM(Table14[[#This Row],[Transport and communication]]) -> 115.7 | AD17: =SUM(Table14[[#This Row],[Housing]],Table14[[#This Row],[Household goods and services]])/2 -> 131.9 | AE17: =SUM(Table14[[#This Row],[Health]]) -> 126.1 | AF17: =SUM(Table14[[#This Row],[Recreation and amusement]],Table14[[#This Row],[Education]])/2 -> 130.2 | AG17: =SUM(Table14[[#This Row],[Miscellaneous]],Table14[[#This Row],[Personal care and effects]])/2 -> 124.45
A18: Rural+Urban | B18: 2017 | C18: September | D18: 134.7 | E18: 142.4 | F18: 130.2 | G18: 139.6 | H18: 118.4 | I18: 143 | J18: 156.6 | K18: 132.9 | L18: 121.5 | M18: 135.6 | N18: 128.8 | O18: 147.3 | P18: 139 | Q18: 135.7 | R18: 131 | S18: 133.3 | T18: 130.6 | U18: 118.3 | V18: 127.9 | W18: 137.4 | X18: 125.7 | Y18: 127.5 | Z18: 135.2 | AA18: =SUM(Table14[[#This Row],[Cereals and products]:[Food and beverages]])/13 -> 136.15385 | AB18: =SUM(Table14[[#This Row],[Fuel and light]]) -> 131 | AC18: =SUM(Table14[[#This Row],[Transport and communication]]) -> 118.3 | AD18: =SUM(Table14[[#This Row],[Housing]],Table14[[#This Row],[Household goods and services]])/2 -> 134.5 | AE18: =SUM(Table14[[#This Row],[Health]]) -> 130.6 | AF18: =SUM(Table14[[#This Row],[Recreation and amusement]],Table14[[#This Row],[Education]])/2 -> 132.65 | AG18: =SUM(Table14[[#This Row],[Miscellaneous]],Table14[[#This Row],[Personal care and effects]])/2 -> 126.6
A19: Rural | B19: 2017 | C19: September | D19: 135.2 | E19: 142 | F19: 130.5 | G19: 140.2 | H19: 120.7 | I19: 147.8 | J19: 154.5 | K19: 137.1 | L19: 121 | M19: 134.7 | N19: 131.7 | O19: 149.3 | P19: 139.6 | Q19: 135.7 | R19: 137.4 | S19: 137.9 | T19: 133.4 | U19: 121.2 | V19: 132.3 | W19: 139.6 | X19: 126.7 | Y19: 130.3 | Z19: 137.6 | AA19: =SUM(Table14[[#This Row],[Cereals and products]:[Food and beverages]])/13 -> 137.25385 | AB19: =SUM(Table14[[#This Row],[Fuel and light]]) -> 137.4 | AC19: =SUM(Table14[[#This Row],[Transport and communication]]) -> 121.2 | AD19: =SUM(Table14[[#This Row],[Housing]],Table14[[#This Row],[Household goods and services]])/2 -> 136.8 | AE19: =SUM(Table14[[#This Row],[Health]]) -> 133.4 | AF19: =SUM(Table14[[#This Row],[Recreation and amusement]],Table14[[#This Row],[Education]])/2 -> 135.95 | AG19: =SUM(Table14[[#This Row],[Miscellaneous]],Table14[[#This Row],[Personal care and effects]])/2 -> 128.5
A20: Urban | B20: 2016 | C20: September | D20: 128.1 | E20: 137.7 | F20: 130.6 | G20: 132.6 | H20: 111.9 | I20: 132.5 | J20: 152.9 | K20: 173.6 | L20: 115.1 | M20: 144.8 | N20: 122.1 | O20: 138.8 | P20: 135.7 | Q20: 127.9 | R20: 114.8 | S20: 124.3 | T20: 121.4 | U20: 111.8 | V20: 120.8 | W20: 131.6 | X20: 121.2 | Y20: 120.5 | Z20: 128 | AA20: =SUM(Table14[[#This Row],[Cereals and products]:[Food and beverages]])/13 -> 135.10769 | AB20: =SUM(Table14[[#This Row],[Fuel and light]]) -> 114.8 | AC20: =SUM(Table14[[#This Row],[Transport and communication]]) -> 111.8 | AD20: =SUM(Table14[[#This Row],[Housing]],Table14[[#This Row],[Household goods and services]])/2 -> 126.1 | AE20: =SUM(Table14[[#This Row],[Health]]) -> 121.4 | AF20: =SUM(Table14[[#This Row],[Recreation and amusement]],Table14[[#This Row],[Education]])/2 -> 126.2 | AG20: =SUM(Table14[[#This Row],[Miscellaneous]],Table14[[#This Row],[Personal care and effects]])/2 -> 120.85
A21: Rural+Urban | B21: 2016 | C21: September | D21: 129.9 | E21: 138 | F21: 130.5 | G21: 134.4 | H21: 117.2 | I21: 136.1 | J21: 150.7 | K21: 171.5 | L21: 113.8 | M21: 138.8 | N21: 126 | O21: 140.2 | P21: 136.6 | Q21: 127.9 | R21: 124.1 | S21: 127.9 | T21: 125.4 | U21: 114.3 | V21: 122.9 | W21: 131.8 | X21: 122.1 | Y21: 122.8 | Z21: 130.9 | AA21: =SUM(Table14[[#This Row],[Cereals and products]:[Food and beverages]])/13 -> 135.66923 | AB21: =SUM(Table14[[#This Row],[Fuel and light]]) -> 124.1 | AC21: =SUM(Table14[[#This Row],[Transport and communication]]) -> 114.3 | AD21: =SUM(Table14[[#This Row],[Housing]],Table14[[#This Row],[Household goods and services]])/2 -> 127.9 | AE21: =SUM(Table14[[#This Row],[Health]]) -> 125.4 | AF21: =SUM(Table14[[#This Row],[Recreation and amusement]],Table14[[#This Row],[Education]])/2 -> 127.35 | AG21: =SUM(Table14[[#This Row],[Miscellaneous]],Table14[[#This Row],[Personal care and effects]])/2 -> 122.45
A22: Rural | B22: 2016 | C22: September | D22: 130.8 | E22: 138.2 | F22: 130.5 | G22: 135.5 | H22: 120.2 | I22: 139.2 | J22: 149.5 | K22: 170.4 | L22: 113.1 | M22: 135.8 | N22: 128.8 | O22: 141.5 | P22: 137.2 | Q22: 127.9 | R22: 129.7 | S22: 131.1 | T22: 127.8 | U22: 117 | V22: 125.7 | W22: 132.2 | X22: 122.8 | Y22: 124.9 | Z22: 133.4 | AA22: =SUM(Table14[[#This Row],[Cereals and products]:[Food and beverages]])/13 -> 136.20769 | AB22: =SUM(Table14[[#This Row],[Fuel and light]]) -> 129.7 | AC22: =SUM(Table14[[#This Row],[Transport and communication]]) -> 117 | AD22: =SUM(Table14[[#This Row],[Housing]],Table14[[#This Row],[Household goods and services]])/2 -> 129.5 | AE22: =SUM(Table14[[#This Row],[Health]]) -> 127.8 | AF22: =SUM(Table14[[#This Row],[Recreation and amusement]],Table14[[#This Row],[Education]])/2 -> 128.95 | AG22: =SUM(Table14[[#This Row],[Miscellaneous]],Table14[[#This Row],[Personal care and effects]])/2 -> 123.85
A23: Urban | B23: 2015 | C23: September | D23: 123.4 | E23: 129 | F23: 115.6 | G23: 128.3 | H23: 107 | I23: 124 | J23: 168.5 | K23: 165.4 | L23: 86.3 | M23: 134.4 | N23: 119.1 | O23: 132.3 | P23: 131.5 | Q23: 121.6 | R23: 115.1 | S23: 120.4 | T23: 117.1 | U23: 109.1 | V23: 117.3 | W23: 126.5 | X23: 112.9 | Y23: 116.2 | Z23: 123.5 | AA23: =SUM(Table14[[#This Row],[Cereals and products]:[Food and beverages]])/13 -> 128.06154 | AB23: =SUM(Table14[[#This Row],[Fuel and light]]) -> 115.1 | AC23: =SUM(Table14[[#This Row],[Transport and communication]]) -> 109.1 | AD23: =SUM(Table14[[#This Row],[Housing]],Table14[[#This Row],[Household goods and services]])/2 -> 121 | AE23: =SUM(Table14[[#This Row],[Health]]) -> 117.1 | AF23: =SUM(Table14[[#This Row],[Recreation and amusement]],Table14[[#This Row],[Education]])/2 -> 121.9 | AG23: =SUM(Table14[[#This Row],[Miscellaneous]],Table14[[#This Row],[Personal care and effects]])/2 -> 114.55
... A34: Urban | B34: 2022 | C34: October | D34: 166.4 | E34: 214.9 | F34: 171.9 | G34: 171 | H34: 177.7 | I34: 165.7 | J34: 228.6 | K34: 169.9 | L34: 123.4 | M34: 196.4 | N34: 161.6 | O34: 191.5 | P34: 183.3 | Q34: 171.2 | R34: 180 | S34: 166 | T34: 174.7 | U34: 158.8 | V34: 166.3 | W34: 171.2 | X34: 172.3 | Y34: 166.8 | Z34: 175.3 | AA34: =SUM(Table14[[#This Row],[Cereals and products]:[Food and beverages]])/13 -> 178.63846 | AB34: =SUM(Table14[[#This Row],[Fuel and light]]) -> 180 | AC34: =SUM(Table14[[#This Row],[Transport and communication]]) -> 158.8 | AD34: =SUM(Table14[[#This Row],[Housing]],Table14[[#This Row],[Household goods and services]])/2 -> 168.6 | AE34: =SUM(Table14[[#This Row],[Health]]) -> 174.7 | AF34: =SUM(Table14[[#This Row],[Recreation and amusement]],Table14[[#This Row],[Education]])/2 -> 168.75 | AG34: =SUM(Table14[[#This Row],[Miscellaneous]],Table14[[#This Row],[Personal care and effects]])/2 -> 169.55
A35: Rural | B35: 2019 | C35: January | D35: 136.6 | E35: 152.5 | F35: 138.2 | G35: 142.4 | H35: 123.9 | I35: 135.5 | J35: 131.7 | K35: 121.3 | L35: 108.4 | M35: 138.9 | N35: 137 | O35: 155.8 | P35: 137.4 | Q35: =AVERAGE(Q36:Q37) -> 147.7 | R35: 146.2 | S35: 150.1 | T35: 149.6 | U35: 128.6 | V35: 142.9 | W35: 155.2 | X35: 133.5 | Y35: 141.7 | Z35: 141 | AA35: =SUM(Table14[[#This Row],[Cereals and products]:[Food and beverages]])/13 -> 135.35385 | AB35: =SUM(Table14[[#This Row],[Fuel and light]]) -> 146.2 | AC35: =SUM(Table14[[#This Row],[Transport and communication]]) -> 128.6 | AD35: =SUM(Table14[[#This Row],[Housing]],Table14[[#This Row],[Household goods and services]])/2 -> 148.9 | AE35: =SUM(Table14[[#This Row],[Health]]) -> 149.6 | AF35: =SUM(Table14[[#This Row],[Recreation and amusement]],Table14[[#This Row],[Education]])/2 -> 149.05 | AG35: =SUM(Table14[[#This Row],[Miscellaneous]],Table14[[#This Row],[Personal care and effects]])/2 -> 137.6
A36: Rural+Urban | B36: 2019 | C36: January | D36: 137.1 | E36: 151.4 | F36: 140.2 | G36: 142.1 | H36: 121.8 | I36: 135.4 | J36: 131.3 | K36: 120.3 | L36: 109.1 | M36: 139.4 | N36: 133.3 | O36: 154.6 | P36: 137.4 | Q36: 147.7 | R36: 139.5 | S36: 143.6 | T36: 145.1 | U36: 123.3 | V36: 136.7 | W36: 150.2 | X36: 132.8 | Y36: 136.9 | Z36: 139.6 | AA36: =SUM(Table14[[#This Row],[Cereals and products]:[Food and beverages]])/13 -> 134.87692 | AB36: =SUM(Table14[[#This Row],[Fuel and light]]) -> 139.5 | AC36: =SUM(Table14[[#This Row],[Transport and communication]]) -> 123.3 | AD36: =SUM(Table14[[#This Row],[Housing]],Table14[[#This Row],[Household goods and services]])/2 -> 145.65 | AE36: =SUM(Table14[[#This Row],[Health]]) -> 145.1 | AF36: =SUM(Table14[[#This Row],[Recreation and amusement]],Table14[[#This Row],[Education]])/2 -> 143.45 | AG36: =SUM(Table14[[#This Row],[Miscellaneous]],Table14[[#This Row],[Personal care and effects]])/2 -> 134.85
A37: Urban | B37: 2019 | C37: January | D37: 138.3 | E37: 149.4 | F37: 143.5 | G37: 141.7 | H37: 118.1 | I37: 135.2 | J37: 130.5 | K37: 118.2 | L37: 110.4 | M37: 140.4 | N37: 128.1 | O37: 153.2 | P37: 137.3 | Q37: 147.7 | R37: 128.6 | S37: 136.3 | T37: 137.8 | U37: 118.6 | V37: 131.9 | W37: 146.6 | X37: 131.7 | Y37: 131.8 | Z37: 138 | AA37: =SUM(Table14[[#This Row],[Cereals and products]:[Food and beverages]])/13 -> 134.17692 | AB37: =SUM(Table14[[#This Row],[Fuel and light]]) -> 128.6 | AC37: =SUM(Table14[[#This Row],[Transport and communication]]) -> 118.6 | AD37: =SUM(Table14[[#This Row],[Housing]],Table14[[#This Row],[Household goods and services]])/2 -> 142 | AE37: =SUM(Table14[[#This Row],[Health]]) -> 137.8 | AF37: =SUM(Table14[[#This Row],[Recreation and amusement]],Table14[[#This Row],[Education]])/2 -> 139.25 | AG37: =SUM(Table14[[#This Row],[Miscellaneous]],Table14[[#This Row],[Personal care and effects]])/2 -> 131.75
A38: Rural | B38: 2019 | C38: July | D38: 138.4 | E38: 164 | F38: 138.4 | G38: 143.9 | H38: 124.4 | I38: 146.4 | J38: 150.1 | K38: 130.6 | L38: 110.8 | M38: 141.7 | N38: 138.5 | O38: 156.7 | P38: 143 | Q38: =AVERAGE(Q39:Q40) -> 150.6 | R38: 146.8 | S38: 150 | T38: 152.2 | U38: 131.2 | V38: 147.5 | W38: 159.1 | X38: 136.1 | Y38: 144.2 | Z38: 144.9 | AA38: =SUM(Table14[[#This Row],[Cereals and products]:[Food and beverages]])/13 -> 140.53077 | AB38: =SUM(Table14[[#This Row],[Fuel and light]]) -> 146.8 | AC38: =SUM(Table14[[#This Row],[Transport and communication]]) -> 131.2 | AD38: =SUM(Table14[[#This Row],[Housing]],Table14[[#This Row],[Household goods and services]])/2 -> 150.3 | AE38: =SUM(Table14[[#This Row],[Health]]) -> 152.2 | AF38: =SUM(Table14[[#This Row],[Recreation and amusement]],Table14[[#This Row],[Education]])/2 -> 153.3 | AG38: =SUM(Table14[[#This Row],[Miscellaneous]],Table14[[#This Row],[Personal care and effects]])/2 -> 140.15
A39: Rural+Urban | B39: 2019 | C39: July | D39: 139.3 | E39: 162.7 | F39: 140 | G39: 144 | H39: 122.5 | I39: 150.3 | J39: 160.3 | K39: 130 | L39: 111.1 | M39: 141.7 | N39: 134.7 | O39: 156.2 | P39: 144.7 | Q39: 150.6 | R39: 139.3 | S39: 144.2 | T39: 147.9 | U39: 125.6 | V39: 140.5 | W39: 154 | X39: 135.7 | Y39: 139.5 | Z39: 144.2 | AA39: =SUM(Table14[[#This Row],[Cereals and products]:[Food and beverages]])/13 -> 141.34615 | AB39: =SUM(Table14[[#This Row],[Fuel and light]]) -> 139.3 | AC39: =SUM(Table14[[#This Row],[Transport and communication]]) -> 125.6 | AD39: =SUM(Table14[[#This Row],[Housing]],Table14[[#This Row],[Household goods and services]])/2 -> 147.4 | AE39: =SUM(Table14[[#This Row],[Health]]) -> 147.9 | AF39: =SUM(Table14[[#This Row],[Recreation and amusement]],Table14[[#This Row],[Education]])/2 -> 147.25 | AG39: =SUM(Table14[[#This Row],[Miscellaneous]],Table14[[#This Row],[Personal care and effects]])/2 -> 137.6
A40: Urban | B40: 2019 | C40: July | D40: 141.4 | E40: 160.2 | F40: 142.5 | G40: 144.1 | H40: 119.3 | I40: 154.7 | J40: 180.1 | K40: 128.9 | L40: 111.8 | M40: 141.6 | N40: 129.5 | O40: 155.6 | P40: 147.7 | Q40: 150.6 | R40: 127 | S40: 137.7 | T40: 140.8 | U40: 120.6 | V40: 135 | W40: 150.4 | X40: 135.1 | Y40: 134.5 | Z40: 143.3 | AA40: =SUM(Table14[[#This Row],[Cereals and products]:[Food and beverages]])/13 -> 142.87692 | AB40: =SUM(Table14[[#This Row],[Fuel and light]]) -> 127 | AC40: =SUM(Table14[[#This Row],[Transport and communication]]) -> 120.6 | AD40: =SUM(Table14[[#This Row],[Housing]],Table14[[#This Row],[Household goods and services]])/2 -> 144.15 | AE40: =SUM(Table14[[#This Row],[Health]]) -> 140.8 | AF40: =SUM(Table14[[#This Row],[Recreation and amusement]],Table14[[#This Row],[Education]])/2 -> 142.7 | AG40: =SUM(Table14[[#This Row],[Miscellaneous]],Table14[[#This Row],[Personal care and effects]])/2 -> 134.8
A41: Rural | B41: 2019 | C41: June | D41: 137.8 | E41: 163.5 | F41: 136.2 | G41: 143.2 | H41: 124.3 | I41: 143.3 | J41: 140.6 | K41: 128.7 | L41: 110.6 | M41: 140.4 | N41: 138 | O41: 156.6 | P41: 141 | Q41: =AVERAGE(Q42:Q43) -> 149.4 | R41: 147.8 | S41: 149.6 | T41: 151.7 | U41: 130.2 | V41: 146.4 | W41: 157.7 | X41: 134.8 | Y41: 143.3 | Z41: 143.6 | AA41: =SUM(Table14[[#This Row],[Cereals and products]:[Food and beverages]])/13 -> 138.78462 | AB41: =SUM(Table14[[#This Row],[Fuel and light]]) -> 147.8 | AC41: =SUM(Table14[[#This Row],[Transport and communication]]) -> 130.2 | AD41: =SUM(Table14[[#This Row],[Housing]],Table14[[#This Row],[Household goods and services]])/2 -> 149.5 | AE41: =SUM(Table14[[#This Row],[Health]]) -> 151.7 | AF41: =SUM(Table14[[#This Row],[Recreation and amusement]],Table14[[#This Row],[Education]])/2 -> 152.05 | AG41: =SUM(Table14[[#This Row],[Miscellaneous]],Table14[[#This Row],[Personal care and effects]])/2 -> 139.05
A42: Rural+Urban | B42: 2019 | C42: June | D42: 138.7 | E42: 162.1 | F42: 137.8 | G42: 143.3 | H42: 122.2 | I42: 146.8 | J42: 150.5 | K42: 128.3 | L42: 111 | M42: 140.6 | N42: 134.2 | O42: 155.9 | P42: 142.7 | Q42: 149.4 | R42: 141.2 | S42: 143.8 | T42: 147.4 | U42: 124.6 | V42: 139.6 | W42: 152.5 | X42: 134.3 | Y42: 138.6 | Z42: 142.9 | AA42: =SUM(Table14[[#This Row],[Cereals and products]:[Food and beverages]])/13 -> 139.54615 | AB42: =SUM(Table14[[#This Row],[Fuel and light]]) -> 141.2 | AC42: =SUM(Table14[[#This Row],[Transport and communication]]) -> 124.6 | AD42: =SUM(Table14[[#This Row],[Housing]],Table14[[#This Row],[Household goods and services]])/2 -> 146.6 | AE42: =SUM(Table14[[#This Row],[Health]]) -> 147.4 | AF42: =SUM(Table14[[#This Row],[Recreation and amusement]],Table14[[#This Row],[Education]])/2 -> 146.05 | AG42: =SUM(Table14[[#This Row],[Miscellaneous]],Table14[[#This Row],[Personal care and effects]])/2 -> 136.45
A43: Urban | B43: 2019 | C43: June | D43: 140.7 | E43: 159.6 | F43: 140.4 | G43: 143.4 | H43: 118.6 | I43: 150.9 | J43: 169.8 | K43: 127.4 | L43: 111.8 | M43: 141 | N43: 129 | O43: 155.1 | P43: 145.6 | Q43: 149.4 | R43: 130.5 | S43: 137.4 | T43: 140.3 | U43: 119.6 | V43: 134.3 | W43: 148.9 | X43: 133.7 | Y43: 133.6 | Z43: 142.1 | AA43: =SUM(Table14[[#This Row],[Cereals and products]:[Food and beverages]])/13 -> 141.02308 | AB43: =SUM(Table14[[#This Row],[Fuel and light]]) -> 130.5 | AC43: =SUM(Table14[[#This Row],[Transport and communication]]) -> 119.6 | AD43: =SUM(Table14[[#This Row],[Housing]],Table14[[#This Row],[Household goods and services]])/2 -> 143.4 | AE43: =SUM(Table14[[#This Row],[Health]]) -> 140.3 | AF43: =SUM(Table14[[#This Row],[Recreation and amusement]],Table14[[#This Row],[Education]])/2 -> 141.6 | AG43: =SUM(Table14[[#This Row],[Miscellaneous]],Table14[[#This Row],[Personal care and effects]])/2 -> 133.65
A44: Rural+Urban | B44: 2018 | C44: October | D44: 137.4 | E44: 149.5 | F44: 137.3 | G44: 141.9 | H44: 121.1 | I44: 142.5 | J44: 146.7 | K44: 119.1 | L44: 111.9 | M44: 141 | N44: 133.6 | O44: 154.5 | P44: 139.7 | Q44: 146.9 | R44: 145.3 | S44: 142.2 | T44: 142.1 | U44: 125.5 | V44: 136.5 | W44: 147.8 | X44: 132 | Y44: 136.3 | Z44: 140.8 | AA44: =SUM(Table14[[#This Row],[Cereals and products]:[Food and beverages]])/13 -> 136.63077 | AB44: =SUM(Table14[[#This Row],[Fuel and light]]) -> 145.3 | AC44: =SUM(Table14[[#This Row],[Transport and communication]]) -> 125.5 | AD44: =SUM(Table14[[#This Row],[Housing]],Table14[[#This Row],[Household goods and services]])/2 -> 144.55 | AE44: =SUM(Table14[[#This Row],[Health]]) -> 142.1 | AF44: =SUM(Table14[[#This Row],[Recreation and amusement]],Table14[[#This Row],[Education]])/2 -> 142.15 | AG44: =SUM(Table14[[#This Row],[Miscellaneous]],Table14[[#This Row],[Personal care and effects]])/2 -> 134.15
A45: Urban | B45: 2018 | C45: October | D45: 137.6 | E45: 144.9 | F45: 133.5 | G45: 141.5 | H45: 118 | I45: 139.5 | J45: 153 | K45: 113.2 | L45: 112.8 | M45: 141.1 | N45: 127.6 | O45: 152 | P45: 139.4 | Q45: 146.3 | R45: 133.4 | S45: 135.1 | T45: 136.2 | U45: 123.3 | V45: 130.7 | W45: 145.5 | X45: 130.4 | Y45: 132.5 | Z45: 138.9 | AA45: =SUM(Table14[[#This Row],[Cereals and products]:[Food and beverages]])/13 -> 134.93077 | AB45: =SUM(Table14[[#This Row],[Fuel and light]]) -> 133.4 | AC45: =SUM(Table14[[#This Row],[Transport and communication]]) -> 123.3 | AD45: =SUM(Table14[[#This Row],[Housing]],Table14[[#This Row],[Household goods and services]])/2 -> 140.7 | AE45: =SUM(Table14[[#This Row],[Health]]) -> 136.2 | AF45: =SUM(Table14[[#This Row],[Recreation and amusement]],Table14[[#This Row],[Education]])/2 -> 138.1 | AG45: =SUM(Table14[[#This Row],[Miscellaneous]],Table14[[#This Row],[Personal care and effects]])/2 -> 131.45
A46: Rural | B46: 2018 | C46: October | D46: 139.3 | E46: 147.6 | F46: 134.6 | G46: 141.9 | H46: 123.5 | I46: 144.5 | J46: 147.6 | K46: 121.4 | L46: 112.3 | M46: 139.5 | N46: 134.6 | O46: 155.2 | P46: 140.2 | Q46: 146.6 | R46: 149.7 | S46: 147.5 | T46: 144.8 | U46: 130.8 | V46: 140.1 | W46: 148 | X46: 134.4 | Y46: 139.8 | Z46: 142.2 | AA46: =SUM(Table14[[#This Row],[Cereals and products]:[Food and beverages]])/13 -> 137.09231 | AB46: =SUM(Table14[[#This Row],[Fuel and light]]) -> 149.7 | AC46: =SUM(Table14[[#This Row],[Transport and communication]]) -> 130.8 | AD46: =SUM(Table14[[#This Row],[Housing]],Table14[[#This Row],[Household goods and services]])/2 -> 147.05 | AE46: =SUM(Table14[[#This Row],[Health]]) -> 144.8 | AF46: =SUM(Table14[[#This Row],[Recreation and amusement]],Table14[[#This Row],[Education]])/2 -> 144.05 | AG46: =SUM(Table14[[#This Row],[Miscellaneous]],Table14[[#This Row],[Personal care and effects]])/2 -> 137.1
A47: Urban | B47: 2017 | C47: October | D47: 133.9 | E47: 142.8 | F47: 131.4 | G47: 139.1 | H47: 114.9 | I47: 135.6 | J47: 173.2 | K47: 124.1 | L47: 122.6 | M47: 137.8 | N47: 125.1 | O47: 145.5 | P47: 139.7 | Q47: 137.3 | R47: 122.6 | S47: 128.3 | T47: 126.6 | U47: 115 | V47: 124.8 | W47: 136.3 | X47: 124.6 | Y47: 124.5 | Z47: 133.5 | AA47: =SUM(Table14[[#This Row],[Cereals and products]:[Food and beverages]])/13 -> 135.82308 | AB47: =SUM(Table14[[#This Row],[Fuel and light]]) -> 122.6 | AC47: =SUM(Table14[[#This Row],[Transport and communication]]) -> 115 | AD47: =SUM(Table14[[#This Row],[Housing]],Table14[[#This Row],[Household goods and services]])/2 -> 132.8 | AE47: =SUM(Table14[[#This Row],[Health]]) -> 126.6 | AF47: =SUM(Table14[[#This Row],[Recreation and amusement]],Table14[[#This Row],[Education]])/2 -> 130.55 | AG47: =SUM(Table14[[#This Row],[Miscellaneous]],Table14[[#This Row],[Personal care and effects]])/2 -> 124.55
A48: Rural+Urban | B48: 2017 | C48: October | D48: 135.3 | E48: 142.2 | F48: 131.2 | G48: 140.6 | H48: 119 | I48: 141.5 | J48: 162.6 | K48: 132.3 | L48: 121.8 | M48: 136.3 | N48: 128.7 | O48: 148.1 | P48: 140.1 | Q48: 137.3 | R48: 132.2 | S48: 133.6 | T48: 131.3 | U48: 117.8 | V48: 128.4 | W48: 137.9 | X48: 126.2 | Y48: 127.7 | Z48: 136.1 | AA48: =SUM(Table14[[#This Row],[Cereals and products]:[Food and beverages]])/13 -> 136.9 | AB48: =SUM(Table14[[#This Row],[Fuel and light]]) -> 132.2 | AC48: =SUM(Table14[[#This Row],[Transport and communication]]) -> 117.8 | AD48: =SUM(Table14[[#This Row],[Housing]],Table14[[#This Row],[Household goods and services]])/2 -> 135.45 | AE48: =SUM(Table14[[#This Row],[Health]]) -> 131.3 | AF48: =SUM(Table14[[#This Row],[Recreation and amusement]],Table14[[#This Row],[Education]])/2 -> 133.15 | AG48: =SUM(Table14[[#This Row],[Miscellaneous]],Table14[[#This Row],[Personal care and effects]])/2 -> 126.95
A49: Rural | B49: 2017 | C49: October | D49: 135.9 | E49: 141.9 | F49: 131 | G49: 141.5 | H49: 121.4 | I49: 146.7 | J49: 157.1 | K49: 136.4 | L49: 121.4 | M49: 135.6 | N49: 131.3 | O49: 150.3 | P49: 140.4 | Q49: 137.3 | R49: 138.1 | S49: 138.4 | T49: 134.2 | U49: 121 | V49: 133 | W49: 140.1 | X49: 127.4 | Y49: 130.7 | Z49: 138.3 | AA49: =SUM(Table14[[#This Row],[Cereals and products]:[Food and beverages]])/13 -> 137.76154 | AB49: =SUM(Table14[[#This Row],[Fuel and light]]) -> 138.1 | AC49: =SUM(Table14[[#This Row],[Transport and communication]]) -> 121 | AD49: =SUM(Table14[[#This Row],[Housing]],Table14[[#This Row],[Household goods and services]])/2 -> 137.85 | AE49: =SUM(Table14[[#This Row],[Health]]) -> 134.2 | AF49: =SUM(Table14[[#This Row],[Recreation and amusement]],Table14[[#This Row],[Education]])/2 -> 136.55 | AG49: =SUM(Table14[[#This Row],[Miscellaneous]],Table14[[#This Row],[Personal care and effects]])/2 -> 129.05
A50: Urban | B50: 2016 | C50: October | D50: 128.7 | E50: 138.4 | F50: 130.3 | G50: 132.7 | H50: 112.5 | I50: 130.4 | J50: 155.1 | K50: 175.7 | L50: 115.4 | M50: 145.3 | N50: 122.5 | O50: 139.6 | P50: 136.3 | Q50: 128.7 | R50: 115.2 | S50: 124.5 | T50: 121.8 | U50: 112.8 | V50: 121.2 | W50: 131.9 | X50: 120.8 | Y50: 120.9 | Z50: 128.6 | AA50: =SUM(Table14[[#This Row],[Cereals and products]:[Food and beverages]])/13 -> 135.60769 | AB50: =SUM(Table14[[#This Row],[Fuel and light]]) -> 115.2 | AC50: =SUM(Table14[[#This Row],[Transport and communication]]) -> 112.8 | AD50: =SUM(Table14[[#This Row],[Housing]],Table14[[#This Row],[Household goods and services]])/2 -> 126.6 | AE50: =SUM(Table14[[#This Row],[Health]]) -> 121.8 | AF50: =SUM(Table14[[#This Row],[Recreation and amusement]],Table14[[#This Row],[Education]])/2 -> 126.55 | AG50: =SUM(Table14[[#This Row],[Miscellaneous]],Table14[[#This Row],[Personal care and effects]])/2 -> 120.85
A51: Rural+Urban | B51: 2016 | C51: October | D51: 130.5 | E51: 137.9 | F51: 130.2 | G51: 134.8 | H51: 117.8 | I51: 134.7 | J51: 151.2 | K51: 172.1 | L51: 114.1 | M51: 139.3 | N51: 126.1 | O51: 141.1 | P51: 137 | Q51: 128.7 | R51: 124.3 | S51: 128.4 | T51: 126.1 | U51: 115.2 | V51: 123.5 | W51: 132.4 | X51: 122.1 | Y51: 123.4 | Z51: 131.4 | AA51: =SUM(Table14[[#This Row],[Cereals and products]:[Food and beverages]])/13 -> 135.90769 | AB51: =SUM(Table14[[#This Row],[Fuel and light]]) -> 124.3 | AC51: =SUM(Table14[[#This Row],[Transport and communication]]) -> 115.2 | AD51: =SUM(Table14[[#This Row],[Housing]],Table14[[#This Row],[Household goods and services]])/2 -> 128.55 | AE51: =SUM(Table14[[#This Row],[Health]]) -> 126.1 | AF51: =SUM(Table14[[#This Row],[Recreation and amusement]],Table14[[#This Row],[Education]])/2 -> 127.95 | AG51: =SUM(Table14[[#This Row],[Miscellaneous]],Table14[[#This Row],[Personal care and effects]])/2 -> 122.75
A52: Rural | B52: 2016 | C52: October | D52: 131.3 | E52: 137.6 | F52: 130.1 | G52: 136 | H52: 120.8 | I52: 138.4 | J52: 149.2 | K52: 170.2 | L52: 113.4 | M52: 136.3 | N52: 128.7 | O52: 142.4 | P52: 137.4 | Q52: 128.7 | R52: 129.8 | S52: 131.8 | T52: 128.7 | U52: 117.8 | V52: 126.5 | W52: 133 | X52: 123 | Y52: 125.7 | Z52: 133.8 | AA52: =SUM(Table14[[#This Row],[Cereals and products]:[Food and beverages]])/13 -> 136.29231 | AB52: =SUM(Table14[[#This Row],[Fuel and light]]) -> 129.8 | AC52: =SUM(Table14[[#This Row],[Transport and communication]]) -> 117.8 | AD52: =SUM(Table14[[#This Row],[Housing]],Table14[[#This Row],[Household goods and services]])/2 -> 130.25 | AE52: =SUM(Table14[[#This Row],[Health]]) -> 128.7 | AF52: =SUM(Table14[[#This Row],[Recreation and amusement]],Table14[[#This Row],[Education]])/2 -> 129.75 | AG52: =SUM(Table14[[#This Row],[Miscellaneous]],Table14[[#This Row],[Personal care and effects]])/2 -> 124.35
A53: Urban | B53: 2015 | C53: October | D53: 123.6 | E53: 128.6 | F53: 115.9 | G53: 128.5 | H53: 109 | I53: 124.1 | J53: 165.8 | K53: 187.2 | L53: 89.4 | M53: 135.8 | N53: 119.4 | O53: 132.9 | P53: 132.6 | Q53: 122.4 | R53: 114.9 | S53: 120.7 | T53: 117.7 | U53: 109.3 | V53: 117.7 | W53: 126.5 | X53: 113.5 | Y53: 116.5 | Z53: 124.2 | AA53: =SUM(Table14[[#This Row],[Cereals and products]:[Food and beverages]])/13 -> 130.21538 | AB53: =SUM(Table14[[#This Row],[Fuel and light]]) -> 114.9 | AC53: =SUM(Table14[[#This Row],[Transport and communication]]) -> 109.3 | AD53: =SUM(Table14[[#This Row],[Housing]],Table14[[#This Row],[Household goods and services]])/2 -> 121.55 | AE53: =SUM(Table14[[#This Row],[Health]]) -> 117.7 | AF53: =SUM(Table14[[#This Row],[Recreation and amusement]],Table14[[#This Row],[Education]])/2 -> 122.1 | AG53: =SUM(Table14[[#This Row],[Miscellaneous]],Table14[[#This Row],[Personal care and effects]])/2 -> 115
... A65: Urban | B65: 2022 | C65: November | D65: 168.4 | E65: 213.4 | F65: 183.2 | G65: 172.3 | H65: 180 | I65: 162.6 | J65: 205.5 | K65: 171 | L65: 123.4 | M65: 198.8 | N65: 162.1 | O65: 192.4 | P65: 181.3 | Q65: 171.8 | R65: 180.3 | S65: 166.9 | T65: 175.8 | U65: 158.9 | V65: 166.7 | W65: 171.5 | X65: 173.8 | Y65: 167.4 | Z65: 174.1 | AA65: =SUM(Table14[[#This Row],[Cereals and products]:[Food and beverages]])/13 -> 178.03077 | AB65: =SUM(Table14[[#This Row],[Fuel and light]]) -> 180.3 | AC65: =SUM(Table14[[#This Row],[Transport and communication]]) -> 158.9 | AD65: =SUM(Table14[[#This Row],[Housing]],Table14[[#This Row],[Household goods and services]])/2 -> 169.35 | AE65: =SUM(Table14[[#This Row],[Health]]) -> 175.8 | AF65: =SUM(Table14[[#This Row],[Recreation and amusement]],Table14[[#This Row],[Education]])/2 -> 169.1 | AG65: =SUM(Table14[[#This Row],[Miscellaneous]],Table14[[#This Row],[Personal care and effects]])/2 -> 170.6
A66: Rural | B66: 2019 | C66: March | D66: 136.9 | E66: 154.1 | F66: 138.7 | G66: 142.5 | H66: 124.1 | I66: 136.1 | J66: 128.2 | K66: 122.3 | L66: 108.3 | M66: 138.9 | N66: 137.4 | O66: 156.4 | P66: 137.3 | Q66: =AVERAGE(Q67:Q68) -> 149 | R66: 146.4 | S66: 150 | T66: 150.4 | U66: 129.9 | V66: 143.8 | W66: 155.5 | X66: 134 | Y66: 142.4 | Z66: 141.2 | AA66: =SUM(Table14[[#This Row],[Cereals and products]:[Food and beverages]])/13 -> 135.47692 | AB66: =SUM(Table14[[#This Row],[Fuel and light]]) -> 146.4 | AC66: =SUM(Table14[[#This Row],[Transport and communication]]) -> 129.9 | AD66: =SUM(Table14[[#This Row],[Housing]],Table14[[#This Row],[Household goods and services]])/2 -> 149.5 | AE66: =SUM(Table14[[#This Row],[Health]]) -> 150.4 | AF66: =SUM(Table14[[#This Row],[Recreation and amusement]],Table14[[#This Row],[Education]])/2 -> 149.65 | AG66: =SUM(Table14[[#This Row],[Miscellaneous]],Table14[[#This Row],[Personal care and effects]])/2 -> 138.2
A67: Rural+Urban | B67: 2019 | C67: March | D67: 137.8 | E67: 153 | F67: 140.3 | G67: 142.3 | H67: 122 | I67: 137.6 | J67: 132.6 | K67: 121.8 | L67: 109 | M67: 139.5 | N67: 133.7 | O67: 155.2 | P67: 138.1 | Q67: 149 | R67: 139.7 | S67: 143.8 | T67: 146.2 | U67: 124.6 | V67: 137.7 | W67: 150.3 | X67: 133.4 | Y67: 137.7 | Z67: 140.4 | AA67: =SUM(Table14[[#This Row],[Cereals and products]:[Food and beverages]])/13 -> 135.60769 | AB67: =SUM(Table14[[#This Row],[Fuel and light]]) -> 139.7 | AC67: =SUM(Table14[[#This Row],[Transport and communication]]) -> 124.6 | AD67: =SUM(Table14[[#This Row],[Housing]],Table14[[#This Row],[Household goods and services]])/2 -> 146.4 | AE67: =SUM(Table14[[#This Row],[Health]]) -> 146.2 | AF67: =SUM(Table14[[#This Row],[Recreation and amusement]],Table14[[#This Row],[Education]])/2 -> 144 | AG67: =SUM(Table14[[#This Row],[Miscellaneous]],Table14[[#This Row],[Personal care and effects]])/2 -> 135.55
A68: Urban | B68: 2019 | C68: March | D68: 139.7 | E68: 151.1 | F68: 142.9 | G68: 141.9 | H68: 118.4 | I68: 139.4 | J68: 141.2 | K68: 120.7 | L68: 110.4 | M68: 140.7 | N68: 128.5 | O68: 153.9 | P68: 139.6 | Q68: 149 | R68: 128.8 | S68: 136.8 | T68: 139.2 | U68: 119.9 | V68: 133 | W68: 146.7 | X68: 132.5 | Y68: 132.8 | Z68: 139.5 | AA68: =SUM(Table14[[#This Row],[Cereals and products]:[Food and beverages]])/13 -> 136.03077 | AB68: =SUM(Table14[[#This Row],[Fuel and light]]) -> 128.8 | AC68: =SUM(Table14[[#This Row],[Transport and communication]]) -> 119.9 | AD68: =SUM(Table14[[#This Row],[Housing]],Table14[[#This Row],[Household goods and services]])/2 -> 142.9 | AE68: =SUM(Table14[[#This Row],[Health]]) -> 139.2 | AF68: =SUM(Table14[[#This Row],[Recreation and amusement]],Table14[[#This Row],[Education]])/2 -> 139.85 | AG68: =SUM(Table14[[#This Row],[Miscellaneous]],Table14[[#This Row],[Personal care and effects]])/2 -> 132.65
A69: Rural | B69: 2019 | C69: May | D69: 137.4 | E69: 159.5 | F69: 134.5 | G69: 142.6 | H69: 124 | I69: 143.7 | J69: 133.4 | K69: 125.1 | L69: 109.3 | M69: 139.3 | N69: 137.7 | O69: 156.4 | P69: 139.2 | Q69: 150.1 | R69: 146.9 | S69: 149.5 | T69: 151.3 | U69: 130.2 | V69: 145.9 | W69: 156.7 | X69: 133.9 | Y69: 142.9 | Z69: 142.4 | AA69: =SUM(Table14[[#This Row],[Cereals and products]:[Food and beverages]])/13 -> 137.08462 | AB69: =SUM(Table14[[#This Row],[Fuel and light]]) -> 146.9 | AC69: =SUM(Table14[[#This Row],[Transport and communication]]) -> 130.2 | AD69: =SUM(Table14[[#This Row],[Housing]],Table14[[#This Row],[Household goods and services]])/2 -> 149.8 | AE69: =SUM(Table14[[#This Row],[Health]]) -> 151.3 | AF69: =SUM(Table14[[#This Row],[Recreation and amusement]],Table14[[#This Row],[Education]])/2 -> 151.3 | AG69: =SUM(Table14[[#This Row],[Miscellaneous]],Table14[[#This Row],[Personal care and effects]])/2 -> 138.4
A70: Rural+Urban | B70: 2019 | C70: May | D70: 138.3 | E70: 158.5 | F70: 136 | G70: 142.5 | H70: 122 | I70: 146.5 | J70: 143 | K70: 124.9 | L70: 109.9 | M70: 139.9 | N70: 134 | O70: 155.5 | P70: 140.9 | Q70: 150.1 | R70: 140.3 | S70: 143.7 | T70: 146.9 | U70: 124.9 | V70: 139.2 | W70: 151.6 | X70: 133.4 | Y70: 138.2 | Z70: 142 | AA70: =SUM(Table14[[#This Row],[Cereals and products]:[Food and beverages]])/13 -> 137.83846 | AB70: =SUM(Table14[[#This Row],[Fuel and light]]) -> 140.3 | AC70: =SUM(Table14[[#This Row],[Transport and communication]]) -> 124.9 | AD70: =SUM(Table14[[#This Row],[Housing]],Table14[[#This Row],[Household goods and services]])/2 -> 146.9 | AE70: =SUM(Table14[[#This Row],[Health]]) -> 146.9 | AF70: =SUM(Table14[[#This Row],[Recreation and amusement]],Table14[[#This Row],[Education]])/2 -> 145.4 | AG70: =SUM(Table14[[#This Row],[Miscellaneous]],Table14[[#This Row],[Personal care and effects]])/2 -> 135.8
A71: Urban | B71: 2019 | C71: May | D71: 140.4 | E71: 156.7 | F71: 138.3 | G71: 142.4 | H71: 118.6 | I71: 149.7 | J71: 161.6 | K71: 124.4 | L71: 111.2 | M71: 141 | N71: 128.9 | O71: 154.5 | P71: 143.8 | Q71: 150.1 | R71: 129.4 | S71: 137.2 | T71: 139.8 | U71: 120.1 | V71: 134 | W71: 148 | X71: 132.6 | Y71: 133.3 | Z71: 141.5 | AA71: =SUM(Table14[[#This Row],[Cereals and products]:[Food and beverages]])/13 -> 139.34615 | AB71: =SUM(Table14[[#This Row],[Fuel and light]]) -> 129.4 | AC71: =SUM(Table14[[#This Row],[Transport and communication]]) -> 120.1 | AD71: =SUM(Table14[[#This Row],[Housing]],Table14[[#This Row],[Household goods and services]])/2 -> 143.65 | AE71: =SUM(Table14[[#This Row],[Health]]) -> 139.8 | AF71: =SUM(Table14[[#This Row],[Recreation and amusement]],Table14[[#This Row],[Education]])/2 -> 141 | AG71: =SUM(Table14[[#This Row],[Miscellaneous]],Table14[[#This Row],[Personal care and effects]])/2 -> 132.95
A72: Rural | B72: 2019 | C72: November | D72: 141.8 | E72: 163.7 | F72: 143.8 | G72: 147.1 | H72: 126 | I72: 146.2 | J72: 191.4 | K72: 136.2 | L72: 113.8 | M72: 147.3 | N72: 138.7 | O72: 157.7 | P72: 150.9 | Q72: 146.9 | R72: 148.4 | S72: 150.9 | T72: 154.3 | U72: 132.1 | V72: 149.1 | W72: 160.8 | X72: 140.6 | Y72: 146.1 | Z72: 149.9 | AA72: =SUM(Table14[[#This Row],[Cereals and products]:[Food and beverages]])/13 -> 146.50769 | AB72: =SUM(Table14[[#This Row],[Fuel and light]]) -> 148.4 | AC72: =SUM(Table14[[#This Row],[Transport and communication]]) -> 132.1 | AD72: =SUM(Table14[[#This Row],[Housing]],Table14[[#This Row],[Household goods and services]])/2 -> 148.9 | AE72: =SUM(Table14[[#This Row],[Health]]) -> 154.3 | AF72: =SUM(Table14[[#This Row],[Recreation and amusement]],Table14[[#This Row],[Education]])/2 -> 154.95 | AG72: =SUM(Table14[[#This Row],[Miscellaneous]],Table14[[#This Row],[Personal care and effects]])/2 -> 143.35
A73: Rural+Urban | B73: 2019 | C73: November | D73: 142.5 | E73: 163.2 | F73: 145.6 | G73: 146.7 | H73: 124.3 | I73: 147.4 | J73: 199.6 | K73: 135.7 | L73: 114.2 | M73: 147 | N73: 135.3 | O73: 157.5 | P73: 151.9 | Q73: 153.5 | R73: 142.3 | S73: 145.3 | T73: 149.9 | U73: 126.6 | V73: 142.1 | W73: 155.5 | X73: 140.3 | Y73: 141.3 | Z73: 148.6 | AA73: =SUM(Table14[[#This Row],[Cereals and products]:[Food and beverages]])/13 -> 146.99231 | AB73: =SUM(Table14[[#This Row],[Fuel and light]]) -> 142.3 | AC73: =SUM(Table14[[#This Row],[Transport and communication]]) -> 126.6 | AD73: =SUM(Table14[[#This Row],[Housing]],Table14[[#This Row],[Household goods and services]])/2 -> 149.4 | AE73: =SUM(Table14[[#This Row],[Health]]) -> 149.9 | AF73: =SUM(Table14[[#This Row],[Recreation and amusement]],Table14[[#This Row],[Education]])/2 -> 148.8 | AG73: =SUM(Table14[[#This Row],[Miscellaneous]],Table14[[#This Row],[Personal care and effects]])/2 -> 140.8
A74: Urban | B74: 2019 | C74: November | D74: 144.1 | E74: 162.4 | F74: 148.4 | G74: 145.9 | H74: 121.5 | I74: 148.8 | J74: 215.7 | K74: 134.6 | L74: 115 | M74: 146.3 | N74: 130.5 | O74: 157.2 | P74: 153.6 | Q74: 153.5 | R74: 132.2 | S74: 139.1 | T74: 142.8 | U74: 121.7 | V74: 136.7 | W74: 151.8 | X74: 139.8 | Y74: 136.3 | Z74: 147 | AA74: =SUM(Table14[[#This Row],[Cereals and products]:[Food and beverages]])/13 -> 148 | AB74: =SUM(Table14[[#This Row],[Fuel and light]]) -> 132.2 | AC74: =SUM(Table14[[#This Row],[Transport and communication]]) -> 121.7 | AD74: =SUM(Table14[[#This Row],[Housing]],Table14[[#This Row],[Household goods and services]])/2 -> 146.3 | AE74: =SUM(Table14[[#This Row],[Health]]) -> 142.8 | AF74: =SUM(Table14[[#This Row],[Recreation and amusement]],Table14[[#This Row],[Education]])/2 -> 144.25 | AG74: =SUM(Table14[[#This Row],[Miscellaneous]],Table14[[#This Row],[Personal care and effects]])/2 -> 138.05
A75: Rural | B75: 2018 | C75: November | D75: 137.1 | E75: 150.8 | F75: 136.7 | G75: 141.9 | H75: 122.8 | I75: 143.9 | J75: 147.5 | K75: 121 | L75: 111.6 | M75: 140.6 | N75: 137.5 | O75: 156.1 | P75: 140 | Q75: 138.6 | R75: 150.3 | S75: 148 | T75: 145.4 | U75: 130.3 | V75: 143.1 | W75: 150.2 | X75: 133.1 | Y75: 140.1 | Z75: 142.4 | AA75: =SUM(Table14[[#This Row],[Cereals and products]:[Food and beverages]])/13 -> 137.5 | AB75: =SUM(Table14[[#This Row],[Fuel and light]]) -> 150.3 | AC75: =SUM(Table14[[#This Row],[Transport and communication]]) -> 130.3 | AD75: =SUM(Table14[[#This Row],[Housing]],Table14[[#This Row],[Household goods and services]])/2 -> 143.3 | AE75: =SUM(Table14[[#This Row],[Health]]) -> 145.4 | AF75: =SUM(Table14[[#This Row],[Recreation and amusement]],Table14[[#This Row],[Education]])/2 -> 146.65 | AG75: =SUM(Table14[[#This Row],[Miscellaneous]],Table14[[#This Row],[Personal care and effects]])/2 -> 136.6
A76: Rural+Urban | B76: 2018 | C76: November | D76: 137.4 | E76: 149.2 | F76: 137.1 | G76: 141.8 | H76: 121.1 | I76: 142.8 | J76: 146.7 | K76: 119.1 | L76: 111.9 | M76: 140.9 | N76: 133.5 | O76: 154.5 | P76: 139.7 | Q76: 146.9 | R76: 145.1 | S76: 142.2 | T76: 142.1 | U76: 125.5 | V76: 136.5 | W76: 147.8 | X76: 132 | Y76: 136.3 | Z76: 140.8 | AA76: =SUM(Table14[[#This Row],[Cereals and products]:[Food and beverages]])/13 -> 136.59231 | AB76: =SUM(Table14[[#This Row],[Fuel and light]]) -> 145.1 | AC76: =SUM(Table14[[#This Row],[Transport and communication]]) -> 125.5 | AD76: =SUM(Table14[[#This Row],[Housing]],Table14[[#This Row],[Household goods and services]])/2 -> 144.55 | AE76: =SUM(Table14[[#This Row],[Health]]) -> 142.1 | AF76: =SUM(Table14[[#This Row],[Recreation and amusement]],Table14[[#This Row],[Education]])/2 -> 142.15 | AG76: =SUM(Table14[[#This Row],[Miscellaneous]],Table14[[#This Row],[Personal care and effects]])/2 -> 134.15
A77: Urban | B77: 2018 | C77: November | D77: 138.1 | E77: 146.3 | F77: 137.8 | G77: 141.6 | H77: 118.1 | I77: 141.5 | J77: 145.2 | K77: 115.3 | L77: 112.5 | M77: 141.4 | N77: 128 | O77: 152.6 | P77: 139.1 | Q77: 146.9 | R77: 136.7 | S77: 135.8 | T77: 136.8 | U77: 121.2 | V77: 131.3 | W77: 146.1 | X77: 130.5 | Y77: 132.2 | Z77: 139 | AA77: =SUM(Table14[[#This Row],[Cereals and products]:[Food and beverages]])/13 -> 135.19231 | AB77: =SUM(Table14[[#This Row],[Fuel and light]]) -> 136.7 | AC77: =SUM(Table14[[#This Row],[Transport and communication]]) -> 121.2 | AD77: =SUM(Table14[[#This Row],[Housing]],Table14[[#This Row],[Household goods and services]])/2 -> 141.35 | AE77: =SUM(Table14[[#This Row],[Health]]) -> 136.8 | AF77: =SUM(Table14[[#This Row],[Recreation and amusement]],Table14[[#This Row],[Education]])/2 -> 138.7 | AG77: =SUM(Table14[[#This Row],[Miscellaneous]],Table14[[#This Row],[Personal care and effects]])/2 -> 131.35
A78: Urban | B78: 2017 | C78: November | D78: 134.3 | E78: 142.1 | F78: 146.7 | G78: 139.5 | H78: 115.2 | I78: 136.4 | J78: 185.2 | K78: 122.2 | L78: 123.9 | M78: 138.3 | N78: 125.4 | O78: 146 | P78: 141.5 | Q78: 138.6 | R78: 125.7 | S78: 128.8 | T78: 127.4 | U78: 115.3 | V78: 125.1 | W78: 136.6 | X78: 124.9 | Y78: 124.9 | Z78: 134.8 | AA78: =SUM(Table14[[#This Row],[Cereals and products]:[Food and beverages]])/13 -> 138.20769 | AB78: =SUM(Table14[[#This Row],[Fuel and light]]) -> 125.7 | AC78: =SUM(Table14[[#This Row],[Transport and communication]]) -> 115.3 | AD78: =SUM(Table14[[#This Row],[Housing]],Table14[[#This Row],[Household goods and services]])/2 -> 133.7 | AE78: =SUM(Table14[[#This Row],[Health]]) -> 127.4 | AF78: =SUM(Table14[[#This Row],[Recreation and amusement]],Table14[[#This Row],[Education]])/2 -> 130.85 | AG78: =SUM(Table14[[#This Row],[Miscellaneous]],Table14[[#This Row],[Personal care and effects]])/2 -> 124.9
... A91: Urban | B91: 2013 | C91: November | D91: 119.8 | E91: 116.3 | F91: 122.6 | G91: 112 | H91: 103.2 | I91: 110 | J91: 192.8 | K91: 106.3 | L91: 99.5 | M91: 110.3 | N91: 111.8 | O91: 117.1 | P91: 122.9 | Q91: 111.1 | R91: 110 | S91: 110.9 | T91: 108.6 | U91: 109.5 | V91: 108.5 | W91: 111.3 | X91: 107.9 | Y91: 109.6 | Z91: 115 | AA91: =SUM(Table14[[#This Row],[Cereals and products]:[Food and beverages]])/13 -> 118.81538 | AB91: =SUM(Table14[[#This Row],[Fuel and light]]) -> 110 | AC91: =SUM(Table14[[#This Row],[Transport and communication]]) -> 109.5 | AD91: =SUM(Table14[[#This Row],[Housing]],Table14[[#This Row],[Household goods and services]])/2 -> 111 | AE91: =SUM(Table14[[#This Row],[Health]]) -> 108.6 | AF91: =SUM(Table14[[#This Row],[Recreation and amusement]],Table14[[#This Row],[Education]])/2 -> 109.9 | AG91: =SUM(Table14[[#This Row],[Miscellaneous]],Table14[[#This Row],[Personal care and effects]])/2 -> 108.75
A92: Rural | B92: 2023 | C92: May | D92: 173.2 | E92: 211.5 | F92: 171 | G92: 179.6 | H92: 173.3 | I92: 169 | J92: 148.7 | K92: 174.9 | L92: 121.9 | M92: 221 | N92: 178.7 | O92: 191.1 | P92: 176.8 | Q92: =AVERAGE(Q93:Q94) -> 175.6 | R92: 182.5 | S92: 179.8 | T92: 187.8 | U92: 169.7 | V92: 173.8 | W92: 180.3 | X92: 184.9 | Y92: 179.5 | Z92: 179.8 | AA92: =SUM(Table14[[#This Row],[Cereals and products]:[Food and beverages]])/13 -> 176.20769 | AB92: =SUM(Table14[[#This Row],[Fuel and light]]) -> 182.5 | AC92: =SUM(Table14[[#This Row],[Transport and communication]]) -> 169.7 | AD92: =SUM(Table14[[#This Row],[Housing]],Table14[[#This Row],[Household goods and services]])/2 -> 177.7 | AE92: =SUM(Table14[[#This Row],[Health]]) -> 187.8 | AF92: =SUM(Table14[[#This Row],[Recreation and amusement]],Table14[[#This Row],[Education]])/2 -> 177.05 | AG92: =SUM(Table14[[#This Row],[Miscellaneous]],Table14[[#This Row],[Personal care and effects]])/2 -> 182.2
A93: Rural+Urban | B93: 2023 | C93: May | D93: 173.7 | E93: 214.3 | F93: 173.2 | G93: 179.5 | H93: 170 | I93: 172.2 | J93: 161 | K93: 175.6 | L93: 122.7 | M93: 218 | N93: 173.4 | O93: 194.2 | P93: 179.1 | Q93: 175.6 | R93: 182.8 | S93: 175.2 | T93: 185.7 | U93: 164.8 | V93: 171.2 | W93: 177.1 | X93: 185.2 | Y93: 175.7 | Z93: 179.1 | AA93: =SUM(Table14[[#This Row],[Cereals and products]:[Food and beverages]])/13 -> 177.45385 | AB93: =SUM(Table14[[#This Row],[Fuel and light]]) -> 182.8 | AC93: =SUM(Table14[[#This Row],[Transport and communication]]) -> 164.8 | AD93: =SUM(Table14[[#This Row],[Housing]],Table14[[#This Row],[Household goods and services]])/2 -> 175.4 | AE93: =SUM(Table14[[#This Row],[Health]]) -> 185.7 | AF93: =SUM(Table14[[#This Row],[Recreation and amusement]],Table14[[#This Row],[Education]])/2 -> 174.15 | AG93: =SUM(Table14[[#This Row],[Miscellaneous]],Table14[[#This Row],[Personal care and effects]])/2 -> 180.45
A94: Urban | B94: 2023 | C94: May | D94: 174.7 | E94: 219.4 | F94: 176.7 | G94: 179.4 | H94: 164.4 | I94: 175.8 | J94: 185 | K94: 176.9 | L94: 124.2 | M94: 211.9 | N94: 165.9 | O94: 197.7 | P94: 183.1 | Q94: 175.6 | R94: 183.4 | S94: 170.1 | T94: 182.2 | U94: 160.4 | V94: 169.2 | W94: 174.8 | X94: 185.6 | Y94: 171.6 | Z94: 178.2 | AA94: =SUM(Table14[[#This Row],[Cereals and products]:[Food and beverages]])/13 -> 179.62308 | AB94: =SUM(Table14[[#This Row],[Fuel and light]]) -> 183.4 | AC94: =SUM(Table14[[#This Row],[Transport and communication]]) -> 160.4 | AD94: =SUM(Table14[[#This Row],[Housing]],Table14[[#This Row],[Household goods and services]])/2 -> 172.85 | AE94: =SUM(Table14[[#This Row],[Health]]) -> 182.2 | AF94: =SUM(Table14[[#This Row],[Recreation and amusement]],Table14[[#This Row],[Education]])/2 -> 172 | AG94: =SUM(Table14[[#This Row],[Miscellaneous]],Table14[[#This Row],[Personal care and effects]])/2 -> 178.6
A95: Rural | B95: 2022 | C95: May | D95: 152.9 | E95: 214.7 | F95: 161.4 | G95: 164.6 | H95: 209.9 | I95: 168 | J95: 160.4 | K95: 165 | L95: 118.9 | M95: 186.6 | N95: 173.2 | O95: 180.4 | P95: 170.8 | Q95: =AVERAGE(Q96:Q97) -> 167.5 | R95: 175.3 | S95: 168.9 | T95: 177.7 | U95: 167.1 | V95: 167.6 | W95: 171.8 | X95: 168.5 | Y95: 170.9 | Z95: 172.5 | AA95: =SUM(Table14[[#This Row],[Cereals and products]:[Food and beverages]])/13 -> 171.29231 | AB95: =SUM(Table14[[#This Row],[Fuel and light]]) -> 175.3 | AC95: =SUM(Table14[[#This Row],[Transport and communication]]) -> 167.1 | AD95: =SUM(Table14[[#This Row],[Housing]],Table14[[#This Row],[Household goods and services]])/2 -> 168.2 | AE95: =SUM(Table14[[#This Row],[Health]]) -> 177.7 | AF95: =SUM(Table14[[#This Row],[Recreation and amusement]],Table14[[#This Row],[Education]])/2 -> 169.7 | AG95: =SUM(Table14[[#This Row],[Miscellaneous]],Table14[[#This Row],[Personal care and effects]])/2 -> 169.7
A96: Rural+Urban | B96: 2022 | C96: May | D96: 154.1 | E96: 217 | F96: 162.4 | G96: 164.9 | H96: 202.4 | I96: 171 | J96: 174.9 | K96: 164.7 | L96: 119.7 | M96: 184.9 | N96: 167.1 | O96: 182.5 | P96: 173.3 | Q96: 167.5 | R96: 174.6 | S96: 165.2 | T96: 174.8 | U96: 163 | V96: 165.1 | W96: 167.9 | X96: 168.4 | Y96: 167.5 | Z96: 171.7 | AA96: =SUM(Table14[[#This Row],[Cereals and products]:[Food and beverages]])/13 -> 172.22308 | AB96: =SUM(Table14[[#This Row],[Fuel and light]]) -> 174.6 | AC96: =SUM(Table14[[#This Row],[Transport and communication]]) -> 163 | AD96: =SUM(Table14[[#This Row],[Housing]],Table14[[#This Row],[Household goods and services]])/2 -> 166.35 | AE96: =SUM(Table14[[#This Row],[Health]]) -> 174.8 | AF96: =SUM(Table14[[#This Row],[Recreation and amusement]],Table14[[#This Row],[Education]])/2 -> 166.5 | AG96: =SUM(Table14[[#This Row],[Miscellaneous]],Table14[[#This Row],[Personal care and effects]])/2 -> 167.95
A97: Urban | B97: 2022 | C97: May | D97: 156.7 | E97: 221.2 | F97: 164.1 | G97: 165.4 | H97: 189.5 | I97: 174.5 | J97: 203.2 | K97: 164.1 | L97: 121.2 | M97: 181.4 | N97: 158.5 | O97: 184.9 | P97: 177.5 | Q97: 167.5 | R97: 173.5 | S97: 161.1 | T97: 170.1 | U97: 159.4 | V97: 163.2 | W97: 165.2 | X97: 168.2 | Y97: 163.8 | Z97: 170.8 | AA97: =SUM(Table14[[#This Row],[Cereals and products]:[Food and beverages]])/13 -> 174.01538 | AB97: =SUM(Table14[[#This Row],[Fuel and light]]) -> 173.5 | AC97: =SUM(Table14[[#This Row],[Transport and communication]]) -> 159.4 | AD97: =SUM(Table14[[#This Row],[Housing]],Table14[[#This Row],[Household goods and services]])/2 -> 164.3 | AE97: =SUM(Table14[[#This Row],[Health]]) -> 170.1 | AF97: =SUM(Table14[[#This Row],[Recreation and amusement]],Table14[[#This Row],[Education]])/2 -> 164.2 | AG97: =SUM(Table14[[#This Row],[Miscellaneous]],Table14[[#This Row],[Personal care and effects]])/2 -> 166
A98: Rural | B98: 2019 | C98: October | D98: 141 | E98: 161.6 | F98: 141.2 | G98: 146.5 | H98: 125.6 | I98: 145.7 | J98: 178.8 | K98: 133.1 | L98: 113.6 | M98: 145.5 | N98: 138.6 | O98: 157.4 | P98: 148.3 | Q98: 146.45 | R98: 147.7 | S98: 150.6 | T98: 153.7 | U98: 131.7 | V98: 148.7 | W98: 160.7 | X98: 140.3 | Y98: 145.7 | Z98: 148.3 | AA98: =SUM(Table14[[#This Row],[Cereals and products]:[Food and beverages]])/13 -> 144.37692 | AB98: =SUM(Table14[[#This Row],[Fuel and light]]) -> 147.7 | AC98: =SUM(Table14[[#This Row],[Transport and communication]]) -> 131.7 | AD98: =SUM(Table14[[#This Row],[Housing]],Table14[[#This Row],[Household goods and services]])/2 -> 148.525 | AE98: =SUM(Table14[[#This Row],[Health]]) -> 153.7 | AF98: =SUM(Table14[[#This Row],[Recreation and amusement]],Table14[[#This Row],[Education]])/2 -> 154.7 | AG98: =SUM(Table14[[#This Row],[Miscellaneous]],Table14[[#This Row],[Personal care and effects]])/2 -> 143
A99: Rural+Urban | B99: 2019 | C99: October | D99: 141.8 | E99: 161 | F99: 142.6 | G99: 146.2 | H99: 123.9 | I99: 148 | J99: 188.4 | K99: 132.5 | L99: 114 | M99: 145.4 | N99: 135.1 | O99: 157.1 | P99: 149.6 | Q99: 153 | R99: 140.6 | S99: 145 | T99: 149.4 | U99: 126.3 | V99: 141.7 | W99: 155.4 | X99: 140 | Y99: 141 | Z99: 147.2 | AA99: =SUM(Table14[[#This Row],[Cereals and products]:[Food and beverages]])/13 -> 145.04615 | AB99: =SUM(Table14[[#This Row],[Fuel and light]]) -> 140.6 | AC99: =SUM(Table14[[#This Row],[Transport and communication]]) -> 126.3 | AD99: =SUM(Table14[[#This Row],[Housing]],Table14[[#This Row],[Household goods and services]])/2 -> 149 | AE99: =SUM(Table14[[#This Row],[Health]]) -> 149.4 | AF99: =SUM(Table14[[#This Row],[Recreation and amusement]],Table14[[#This Row],[Education]])/2 -> 148.55 | AG99: =SUM(Table14[[#This Row],[Miscellaneous]],Table14[[#This Row],[Personal care and effects]])/2 -> 140.5
A100: Urban | B100: 2019 | C100: October | D100: 143.5 | E100: 159.8 | F100: 144.7 | G100: 145.6 | H100: 121.1 | I100: 150.6 | J100: 207.2 | K100: 131.2 | L100: 114.8 | M100: 145.2 | N100: 130.2 | O100: 156.8 | P100: 151.9 | Q100: 153 | R100: 128.9 | S100: 138.7 | T100: 142.4 | U100: 121.5 | V100: 136.2 | W100: 151.7 | X100: 139.5 | Y100: 136 | Z100: 146 | AA100: =SUM(Table14[[#This Row],[Cereals and products]:[Food and beverages]])/13 -> 146.35385 | AB100: =SUM(Table14[[#This Row],[Fuel and light]]) -> 128.9 | AC100: =SUM(Table14[[#This Row],[Transport and communication]]) -> 121.5 | AD100: =SUM(Table14[[#This Row],[Housing]],Table14[[#This Row],[Household goods and services]])/2 -> 145.85 | AE100: =SUM(Table14[[#This Row],[Health]]) -> 142.4 | AF100: =SUM(Table14[[#This Row],[Recreation and amusement]],Table14[[#This Row],[Education]])/2 -> 143.95 | AG100: =SUM(Table14[[#This Row],[Miscellaneous]],Table14[[#This Row],[Personal care and effects]])/2 -> 137.75
A101: Rural | B101: 2019 | C101: September | D101: 140.1 | E101: 161.9 | F101: 138.3 | G101: 145.7 | H101: 125.1 | I101: 143.8 | J101: 163.4 | K101: 132.2 | L101: 112.8 | M101: 144.2 | N101: 138.5 | O101: 157.2 | P101: 145.5 | Q101: 145.3 | R101: 146.9 | S101: 150.3 | T101: 153.4 | U101: 131.6 | V101: 148.3 | W101: 160.2 | X101: 140.2 | Y101: 145.4 | Z101: 146.7 | AA101: =SUM(Table14[[#This Row],[Cereals and products]:[Food and beverages]])/13 -> 142.20769 | AB101: =SUM(Table14[[#This Row],[Fuel and light]]) -> 146.9 | AC101: =SUM(Table14[[#This Row],[Transport and communication]]) -> 131.6 | AD101: =SUM(Table14[[#This Row],[Housing]],Table14[[#This Row],[Household goods and services]])/2 -> 147.8 | AE101: =SUM(Table14[[#This Row],[Health]]) -> 153.4 | AF101: =SUM(Table14[[#This Row],[Recreation and amusement]],Table14[[#This Row],[Education]])/2 -> 154.25 | AG101: =SUM(Table14[[#This Row],[Miscellaneous]],Table14[[#This Row],[Personal care and effects]])/2 -> 142.8
A102: Rural+Urban | B102: 2019 | C102: September | D102: 140.9 | E102: 160.8 | F102: 139.6 | G102: 145.4 | H102: 123.5 | I102: 146.6 | J102: 173.2 | K102: 131.6 | L102: 113.2 | M102: 144.1 | N102: 135 | O102: 156.8 | P102: 147 | Q102: 152.2 | R102: 139.2 | S102: 144.6 | T102: 149 | U102: 126.1 | V102: 141.3 | W102: 155.2 | X102: 139.7 | Y102: 140.7 | Z102: 145.8 | AA102: =SUM(Table14[[#This Row],[Cereals and products]:[Food and beverages]])/13 -> 142.9 | AB102: =SUM(Table14[[#This Row],[Fuel and light]]) -> 139.2 | AC102: =SUM(Table14[[#This Row],[Transport and communication]]) -> 126.1 | AD102: =SUM(Table14[[#This Row],[Housing]],Table14[[#This Row],[Household goods and services]])/2 -> 148.4 | AE102: =SUM(Table14[[#This Row],[Health]]) -> 149 | AF102: =SUM(Table14[[#This Row],[Recreation and amusement]],Table14[[#This Row],[Education]])/2 -> 148.25 | AG102: =SUM(Table14[[#This Row],[Miscellaneous]],Table14[[#This Row],[Personal care and effects]])/2 -> 140.2
A103: Urban | B103: 2019 | C103: September | D103: 142.7 | E103: 158.7 | F103: 141.6 | G103: 144.9 | H103: 120.8 | I103: 149.8 | J103: 192.4 | K103: 130.3 | L103: 114 | M103: 143.8 | N103: 130 | O103: 156.4 | P103: 149.5 | Q103: 152.2 | R103: 126.6 | S103: 138.3 | T103: 141.9 | U103: 121.2 | V103: 135.9 | W103: 151.6 | X103: 139 | Y103: 135.7 | Z103: 144.7 | AA103: =SUM(Table14[[#This Row],[Cereals and products]:[Food and beverages]])/13 -> 144.22308 | AB103: =SUM(Table14[[#This Row],[Fuel and light]]) -> 126.6 | AC103: =SUM(Table14[[#This Row],[Transport and communication]]) -> 121.2 | AD103: =SUM(Table14[[#This Row],[Housing]],Table14[[#This Row],[Household goods and services]])/2 -> 145.25 | AE103: =SUM(Table14[[#This Row],[Health]]) -> 141.9 | AF103: =SUM(Table14[[#This Row],[Recreation and amusement]],Table14[[#This Row],[Education]])/2 -> 143.75 | AG103: =SUM(Table14[[#This Row],[Miscellaneous]],Table14[[#This Row],[Personal care and effects]])/2 -> 137.35
A104: Rural | B104: 2020 | C104: April | D104: 147.2 | E104: 144.5 | F104: 146.9 | G104: 155.6 | H104: 137.1 | I104: 147.3 | J104: 162.7 | K104: 150.2 | L104: 119.8 | M104: 158.7 | N104: 139.2 | O104: 152.5 | P104: 150.1 | Q104: =AVERAGE(Q105:Q106) -> 155.6 | R104: 148.4 | S104: 138.8 | T104: 154.3 | U104: 123.6 | V104: 133.7 | W104: 142.6 | X104: 129.8 | Y104: 132.8 | Z104: 138.1 | AA104: =SUM(Table14[[#This Row],[Cereals and products]:[Food and beverages]])/13 -> 147.06154 | AB104: =SUM(Table14[[#This Row],[Fuel and light]]) -> 148.4 | AC104: =SUM(Table14[[#This Row],[Transport and communication]]) -> 123.6 | AD104: =SUM(Table14[[#This Row],[Housing]],Table14[[#This Row],[Household goods and services]])/2 -> 147.2 | AE104: =SUM(Table14[[#This Row],[Health]]) -> 154.3 | AF104: =SUM(Table14[[#This Row],[Recreation and amusement]],Table14[[#This Row],[Education]])/2 -> 138.15 | AG104: =SUM(Table14[[#This Row],[Miscellaneous]],Table14[[#This Row],[Personal care and effects]])/2 -> 131.3
A105: Rural+Urban | B105: 2020 | C105: April | D105: 148.7 | E105: 144.5 | F105: 148.8 | G105: 155.6 | H105: 135.1 | I105: 149.9 | J105: 168.6 | K105: 150.4 | L105: 120.3 | M105: 157.1 | N105: 136.8 | O105: 153.2 | P105: 151.4 | Q105: 155.6 | R105: 144.1 | S105: 139.8 | T105: 150.7 | U105: 124.5 | V105: 134.8 | W105: 143.1 | X105: 130.1 | Y105: 133.5 | Z105: 138.6 | AA105: =SUM(Table14[[#This Row],[Cereals and products]:[Food and beverages]])/13 -> 147.72308 | AB105: =SUM(Table14[[#This Row],[Fuel and light]]) -> 144.1 | AC105: =SUM(Table14[[#This Row],[Transport and communication]]) -> 124.5 | AD105: =SUM(Table14[[#This Row],[Housing]],Table14[[#This Row],[Household goods and services]])/2 -> 147.7 | AE105: =SUM(Table14[[#This Row],[Health]]) -> 150.7 | AF105: =SUM(Table14[[#This Row],[Recreation and amusement]],Table14[[#This Row],[Education]])/2 -> 138.95 | AG105: =SUM(Table14[[#This Row],[Miscellaneous]],Table14[[#This Row],[Personal care and effects]])/2 -> 131.8
A106: Urban | B106: 2020 | C106: April | D106: 151.8 | E106: 144.5 | F106: 151.9 | G106: 155.5 | H106: 131.6 | I106: 152.9 | J106: 180 | K106: 150.8 | L106: 121.2 | M106: 154 | N106: 133.5 | O106: 152.8 | P106: 153.5 | Q106: 155.6 | R106: 137.1 | S106: 139.3 | T106: 144.8 | U106: 124 | V106: 134.2 | W106: 142.8 | X106: 129.95 | Y106: 133.1 | Z106: 138.4 | AA106: =SUM(Table14[[#This Row],[Cereals and products]:[Food and beverages]])/13 -> 148.76923 | AB106: =SUM(Table14[[#This Row],[Fuel and light]]) -> 137.1 | AC106: =SUM(Table14[[#This Row],[Transport and communication]]) -> 124 | AD106: =SUM(Table14[[#This Row],[Housing]],Table14[[#This Row],[Household goods and services]])/2 -> 147.45 | AE106: =SUM(Table14[[#This Row],[Health]]) -> 144.8 | AF106: =SUM(Table14[[#This Row],[Recreation and amusement]],Table14[[#This Row],[Education]])/2 -> 138.5 | AG106: =SUM(Table14[[#This Row],[Miscellaneous]],Table14[[#This Row],[Personal care and effects]])/2 -> 131.525
A107: Urban | B107: 2018 | C107: May | D107: 135 | E107: 148.2 | F107: 130.5 | G107: 140.7 | H107: 116.4 | I107: 151.3 | J107: 131.4 | K107: 112.8 | L107: 105.3 | M107: 139.6 | N107: 126.6 | O107: 148.7 | P107: 136.4 | Q107: 143.2 | R107: 124.7 | S107: 132.5 | T107: 132 | U107: 119.8 | V107: 128 | W107: 140.4 | X107: 128.1 | Y107: 128.9 | Z107: 135.4 | AA107: =SUM(Table14[[#This Row],[Cereals and products]:[Food and beverages]])/13 -> 132.53077 | AB107: =SUM(Table14[[#This Row],[Fuel and light]]) -> 124.7 | AC107: =SUM(Table14[[#This Row],[Transport and communication]]) -> 119.8 | AD107: =SUM(Table14[[#This Row],[Housing]],Table14[[#This Row],[Household goods and services]])/2 -> 137.85 | AE107: =SUM(Table14[[#This Row],[Health]]) -> 132 | AF107: =SUM(Table14[[#This Row],[Recreation and amusement]],Table14[[#This Row],[Education]])/2 -> 134.2 | AG107: =SUM(Table14[[#This Row],[Miscellaneous]],Table14[[#This Row],[Personal care and effects]])/2 -> 128.5
A108: Rural+Urban | B108: 2018 | C108: May | D108: 136.6 | E108: 146.6 | F108: 133.6 | G108: 142.1 | H108: 121 | I108: 154.6 | J108: 135.6 | K108: 122.3 | L108: 109.6 | M108: 138.1 | N108: 129.9 | O108: 151.7 | P108: 138.1 | Q108: 143.2 | R108: 136.9 | S108: 137.4 | T108: 136 | U108: 122.9 | V108: 131.8 | W108: 142.1 | X108: 129.9 | Y108: 132.1 | Z108: 137.8 | AA108: =SUM(Table14[[#This Row],[Cereals and products]:[Food and beverages]])/13 -> 135.36923 | AB108: =SUM(Table14[[#This Row],[Fuel and light]]) -> 136.9 | AC108: =SUM(Table14[[#This Row],[Transport and communication]]) -> 122.9 | AD108: =SUM(Table14[[#This Row],[Housing]],Table14[[#This Row],[Household goods and services]])/2 -> 140.3 | AE108: =SUM(Table14[[#This Row],[Health]]) -> 136 | AF108: =SUM(Table14[[#This Row],[Recreation and amusement]],Table14[[#This Row],[Education]])/2 -> 136.95 | AG108: =SUM(Table14[[#This Row],[Miscellaneous]],Table14[[#This Row],[Personal care and effects]])/2 -> 131
A109: Rural | B109: 2018 | C109: May | D109: 137.4 | E109: 145.7 | F109: 135.5 | G109: 142.9 | H109: 123.6 | I109: 157.5 | J109: 137.8 | K109: 127.2 | L109: 111.8 | M109: 137.4 | N109: 132.2 | O109: 154.3 | P109: 139.1 | Q109: 143.2 | R109: 144.3 | S109: 141.8 | T109: 138.4 | U109: 126.4 | V109: 136.8 | W109: 144.4 | X109: 131.2 | Y109: 135.1 | Z109: 139.8 | AA109: =SUM(Table14[[#This Row],[Cereals and products]:[Food and beverages]])/13 -> 137.10769 | AB109: =SUM(Table14[[#This Row],[Fuel and light]]) -> 144.3 | AC109: =SUM(Table14[[#This Row],[Transport and communication]]) -> 126.4 | AD109: =SUM(Table14[[#This Row],[Housing]],Table14[[#This Row],[Household goods and services]])/2 -> 142.5 | AE109: =SUM(Table14[[#This Row],[Health]]) -> 138.4 | AF109: =SUM(Table14[[#This Row],[Recreation and amusement]],Table14[[#This Row],[Education]])/2 -> 140.6 | AG109: =SUM(Table14[[#This Row],[Miscellaneous]],Table14[[#This Row],[Personal care and effects]])/2 -> 133.15
A110: Urban | B110: 2017 | C110: May | D110: 132.6 | E110: 144.1 | F110: 125.6 | G110: 136.8 | H110: 113.4 | I110: 135.2 | J110: 129.2 | K110: 131.5 | L110: 121 | M110: 139.9 | N110: 123.8 | O110: 142.9 | P110: 133.6 | Q110: 132.1 | R110: 120.1 | S110: 126.5 | T110: 123.6 | U110: 114.3 | V110: 122.8 | W110: 133.8 | X110: 122 | Y110: 122.6 | Z110: 129.3 | AA110: =SUM(Table14[[#This Row],[Cereals and products]:[Food and beverages]])/13 -> 131.50769 | AB110: =SUM(Table14[[#This Row],[Fuel and light]]) -> 120.1 | AC110: =SUM(Table14[[#This Row],[Transport and communication]]) -> 114.3 | AD110: =SUM(Table14[[#This Row],[Housing]],Table14[[#This Row],[Household goods and services]])/2 -> 129.3 | AE110: =SUM(Table14[[#This Row],[Health]]) -> 123.6 | AF110: =SUM(Table14[[#This Row],[Recreation and amusement]],Table14[[#This Row],[Education]])/2 -> 128.3 | AG110: =SUM(Table14[[#This Row],[Miscellaneous]],Table14[[#This Row],[Personal care and effects]])/2 -> 122.3
A111: Rural+Urban | B111: 2017 | C111: May | D111: 132.9 | E111: 141.6 | F111: 126.3 | G111: 137.7 | H111: 118.1 | I111: 137.9 | J111: 125.6 | K111: 138.3 | L111: 119.4 | M111: 136 | N111: 127.6 | O111: 144.5 | P111: 133.7 | Q111: 132.1 | R111: 129.4 | S111: 130.9 | T111: 128.4 | U111: 116.7 | V111: 125.7 | W111: 134.8 | X111: 123 | Y111: 125.3 | Z111: 131.4 | AA111: =SUM(Table14[[#This Row],[Cereals and products]:[Food and beverages]])/13 -> 132.27692 | AB111: =SUM(Table14[[#This Row],[Fuel and light]]) -> 129.4 | AC111: =SUM(Table14[[#This Row],[Transport and communication]]) -> 116.7 | AD111: =SUM(Table14[[#This Row],[Housing]],Table14[[#This Row],[Household goods and services]])/2 -> 131.5 | AE111: =SUM(Table14[[#This Row],[Health]]) -> 128.4 | AF111: =SUM(Table14[[#This Row],[Recreation and amusement]],Table14[[#This Row],[Education]])/2 -> 130.25 | AG111: =SUM(Table14[[#This Row],[Miscellaneous]],Table14[[#This Row],[Personal care and effects]])/2 -> 124.15
A112: Rural | B112: 2017 | C112: May | D112: 133.1 | E112: 140.3 | F112: 126.8 | G112: 138.2 | H112: 120.8 | I112: 140.2 | J112: 123.8 | K112: 141.8 | L112: 118.6 | M112: 134 | N112: 130.3 | O112: 145.8 | P112: 133.8 | Q112: 132.1 | R112: 135 | S112: 134.9 | T112: 131.4 | U112: 119.4 | V112: 129.4 | W112: 136.3 | X112: 123.7 | Y112: 127.9 | Z112: 133.3 | AA112: =SUM(Table14[[#This Row],[Cereals and products]:[Food and beverages]])/13 -> 132.88462 | AB112: =SUM(Table14[[#This Row],[Fuel and light]]) -> 135 | AC112: =SUM(Table14[[#This Row],[Transport and communication]]) -> 119.4 | AD112: =SUM(Table14[[#This Row],[Housing]],Table14[[#This Row],[Household goods and services]])/2 -> 133.5 | AE112: =SUM(Table14[[#This Row],[Health]]) -> 131.4 | AF112: =SUM(Table14[[#This Row],[Recreation and amusement]],Table14[[#This Row],[Education]])/2 -> 132.85 | AG112: =SUM(Table14[[#This Row],[Miscellaneous]],Table14[[#This Row],[Personal care and effects]])/2 -> 125.8
A113: Urban | B113: 2016 | C113: May | D113: 125 | E113: 142.1 | F113: 127 | G113: 130.4 | H113: 109.6 | I113: 133.5 | J113: 151.4 | K113: 182.8 | L113: 111.1 | M113: 141.5 | N113: 121.5 | O113: 136.3 | P113: 134.6 | Q113: 126 | R113: 115 | S113: 123.2 | T113: 120.3 | U113: 110.7 | V113: 119.8 | W113: 128 | X113: 118.5 | Y113: 118.7 | Z113: 126.6 | AA113: =SUM(Table14[[#This Row],[Cereals and products]:[Food and beverages]])/13 -> 134.36923 | AB113: =SUM(Table14[[#This Row],[Fuel and light]]) -> 115 | AC113: =SUM(Table14[[#This Row],[Transport and communication]]) -> 110.7 | AD113: =SUM(Table14[[#This Row],[Housing]],Table14[[#This Row],[Household goods and services]])/2 -> 124.6 | AE113: =SUM(Table14[[#This Row],[Health]]) -> 120.3 | AF113: =SUM(Table14[[#This Row],[Recreation and amusement]],Table14[[#This Row],[Education]])/2 -> 123.9 | AG113: =SUM(Table14[[#This Row],[Miscellaneous]],Table14[[#This Row],[Personal care and effects]])/2 -> 118.6
A114: Rural+Urban | B114: 2016 | C114: May | D114: 126.8 | E114: 139.1 | F114: 125.4 | G114: 131.7 | H114: 115 | I114: 136 | J114: 145.1 | K114: 171.7 | L114: 108.7 | M114: 135.3 | N114: 124.2 | O114: 137.4 | P114: 134 | Q114: 126 | R114: 122.7 | S114: 126 | T114: 123.7 | U114: 112.8 | V114: 121.5 | W114: 128.5 | X114: 119.2 | Y114: 120.7 | Z114: 128.6 | AA114: =SUM(Table14[[#This Row],[Cereals and products]:[Food and beverages]])/13 -> 133.10769 | AB114: =SUM(Table14[[#This Row],[Fuel and light]]) -> 122.7 | AC114: =SUM(Table14[[#This Row],[Transport and communication]]) -> 112.8 | AD114: =SUM(Table14[[#This Row],[Housing]],Table14[[#This Row],[Household goods and services]])/2 -> 126 | AE114: =SUM(Table14[[#This Row],[Health]]) -> 123.7 | AF114: =SUM(Table14[[#This Row],[Recreation and amusement]],Table14[[#This Row],[Education]])/2 -> 125 | AG114: =SUM(Table14[[#This Row],[Miscellaneous]],Table14[[#This Row],[Personal care and effects]])/2 -> 119.95
A115: Rural | B115: 2016 | C115: May | D115: 127.6 | E115: 137.5 | F115: 124.4 | G115: 132.4 | H115: 118.2 | I115: 138.1 | J115: 141.8 | K115: 166 | L115: 107.5 | M115: 132.2 | N115: 126.1 | O115: 138.3 | P115: 133.6 | Q115: 126 | R115: 127.4 | S115: 128.5 | T115: 125.8 | U115: 115.1 | V115: 123.6 | W115: 129.1 | X115: 119.7 | Y115: 122.5 | Z115: 130.3 | AA115: =SUM(Table14[[#This Row],[Cereals and products]:[Food and beverages]])/13 -> 132.59231 | AB115: =SUM(Table14[[#This Row],[Fuel and light]]) -> 127.4 | AC115: =SUM(Table14[[#This Row],[Transport and communication]]) -> 115.1 | AD115: =SUM(Table14[[#This Row],[Housing]],Table14[[#This Row],[Household goods and services]])/2 -> 127.25 | AE115: =SUM(Table14[[#This Row],[Health]]) -> 125.8 | AF115: =SUM(Table14[[#This Row],[Recreation and amusement]],Table14[[#This Row],[Education]])/2 -> 126.35 | AG115: =SUM(Table14[[#This Row],[Miscellaneous]],Table14[[#This Row],[Personal care and effects]])/2 -> 121.1
A116: Rural | B116: 2015 | C116: May | D116: 123.5 | E116: 127.1 | F116: 117.3 | G116: 127.7 | H116: 112.5 | I116: 134.1 | J116: 128.5 | K116: 124.3 | L116: 97.6 | M116: 120.7 | N116: 120.2 | O116: 129.8 | P116: 124.4 | Q116: 114.3 | R116: 121.9 | S116: 121.5 | T116: 119.4 | U116: 113.3 | V116: 116.7 | W116: 120.5 | X116: 112.3 | Y116: 116.9 | Z116: 122.4 | AA116: =SUM(Table14[[#This Row],[Cereals and products]:[Food and beverages]])/13 -> 122.13077 | AB116: =SUM(Table14[[#This Row],[Fuel and light]]) -> 121.9 | AC116: =SUM(Table14[[#This Row],[Transport and communication]]) -> 113.3 | AD116: =SUM(Table14[[#This Row],[Housing]],Table14[[#This Row],[Household goods and services]])/2 -> 117.9 | AE116: =SUM(Table14[[#This Row],[Health]]) -> 119.4 | AF116: =SUM(Table14[[#This Row],[Recreation and amusement]],Table14[[#This Row],[Education]])/2 -> 118.6 | AG116: =SUM(Table14[[#This Row],[Miscellaneous]],Table14[[#This Row],[Personal care and effects]])/2 -> 114.6
... A125: Rural+Urban | B125: 2014 | C125: Marcrh | D125: 120.7 | E125: 119.3 | F125: 121 | G125: 116.1 | H125: 106.9 | I125: 118.7 | J125: 116.3 | K125: 109.8 | L125: 99.6 | M125: 111.8 | N125: 112.7 | O125: 119.3 | P125: 116.1 | Q125: 113.2 | R125: 112.5 | S125: 113.2 | T125: 111.2 | U125: 111.4 | V125: 110.6 | W125: 112 | X125: 109 | Y125: 111.3 | Z125: 114.2 | AA125: =SUM(Table14[[#This Row],[Cereals and products]:[Food and beverages]])/13 -> 114.48462 | AB125: =SUM(Table14[[#This Row],[Fuel and light]]) -> 112.5 | AC125: =SUM(Table14[[#This Row],[Transport and communication]]) -> 111.4 | AD125: =SUM(Table14[[#This Row],[Housing]],Table14[[#This Row],[Household goods and services]])/2 -> 113.2 | AE125: =SUM(Table14[[#This Row],[Health]]) -> 111.2 | AF125: =SUM(Table14[[#This Row],[Recreation and amusement]],Table14[[#This Row],[Education]])/2 -> 111.3 | AG125: =SUM(Table14[[#This Row],[Miscellaneous]],Table14[[#This Row],[Personal care and effects]])/2 -> 110.15
A126: Rural | B126: 2023 | C126: March | D126: 174.3 | E126: 205.2 | F126: 173.9 | G126: 177 | H126: 183.3 | I126: 167.2 | J126: 140.9 | K126: 170.5 | L126: 119.1 | M126: 212.1 | N126: 177.6 | O126: 189.9 | P126: 174.8 | Q126: =AVERAGE(Q127:Q128) -> 173.5 | R126: 181.4 | S126: 178.6 | T126: 186.6 | U126: 169 | V126: 172.8 | W126: 178.5 | X126: 180.7 | Y126: 177.9 | Z126: 178 | AA126: =SUM(Table14[[#This Row],[Cereals and products]:[Food and beverages]])/13 -> 174.29231 | AB126: =SUM(Table14[[#This Row],[Fuel and light]]) -> 181.4 | AC126: =SUM(Table14[[#This Row],[Transport and communication]]) -> 169 | AD126: =SUM(Table14[[#This Row],[Housing]],Table14[[#This Row],[Household goods and services]])/2 -> 176.05 | AE126: =SUM(Table14[[#This Row],[Health]]) -> 186.6 | AF126: =SUM(Table14[[#This Row],[Recreation and amusement]],Table14[[#This Row],[Education]])/2 -> 175.65 | AG126: =SUM(Table14[[#This Row],[Miscellaneous]],Table14[[#This Row],[Personal care and effects]])/2 -> 179.3
A127: Rural+Urban | B127: 2023 | C127: March | D127: 174.4 | E127: 207.7 | F127: 175.2 | G127: 177.3 | H127: 179.2 | I127: 169.5 | J127: 152.8 | K127: 171.1 | L127: 120 | M127: 209.7 | N127: 172.3 | O127: 193 | P127: 177 | Q127: 173.5 | R127: 181.9 | S127: 174.2 | T127: 184.4 | U127: 164.2 | V127: 170.3 | W127: 175 | X127: 181 | Y127: 174.1 | Z127: 177.2 | AA127: =SUM(Table14[[#This Row],[Cereals and products]:[Food and beverages]])/13 -> 175.32308 | AB127: =SUM(Table14[[#This Row],[Fuel and light]]) -> 181.9 | AC127: =SUM(Table14[[#This Row],[Transport and communication]]) -> 164.2 | AD127: =SUM(Table14[[#This Row],[Housing]],Table14[[#This Row],[Household goods and services]])/2 -> 173.85 | AE127: =SUM(Table14[[#This Row],[Health]]) -> 184.4 | AF127: =SUM(Table14[[#This Row],[Recreation and amusement]],Table14[[#This Row],[Education]])/2 -> 172.65 | AG127: =SUM(Table14[[#This Row],[Miscellaneous]],Table14[[#This Row],[Personal care and effects]])/2 -> 177.55
A128: Urban | B128: 2023 | C128: March | D128: 174.7 | E128: 212.2 | F128: 177.2 | G128: 177.9 | H128: 172.2 | I128: 172.1 | J128: 175.9 | K128: 172.2 | L128: 121.9 | M128: 204.8 | N128: 164.9 | O128: 196.6 | P128: 180.8 | Q128: 173.5 | R128: 182.6 | S128: 169.2 | T128: 180.8 | U128: 159.8 | V128: 168.4 | W128: 172.5 | X128: 181.5 | Y128: 170 | Z128: 176.3 | AA128: =SUM(Table14[[#This Row],[Cereals and products]:[Food and beverages]])/13 -> 177.18462 | AB128: =SUM(Table14[[#This Row],[Fuel and light]]) -> 182.6 | AC128: =SUM(Table14[[#This Row],[Transport and communication]]) -> 159.8 | AD128: =SUM(Table14[[#This Row],[Housing]],Table14[[#This Row],[Household goods and services]])/2 -> 171.35 | AE128: =SUM(Table14[[#This Row],[Health]]) -> 180.8 | AF128: =SUM(Table14[[#This Row],[Recreation and amusement]],Table14[[#This Row],[Education]])/2 -> 170.45 | AG128: =SUM(Table14[[#This Row],[Miscellaneous]],Table14[[#This Row],[Personal care and effects]])/2 -> 175.75
A129: Rural | B129: 2022 | C129: March | D129: 150.2 | E129: 208 | F129: 167.9 | G129: 162 | H129: 203.1 | I129: 155.9 | J129: 155.8 | K129: 164.2 | L129: 118.1 | M129: 178.7 | N129: 171.2 | O129: 177.4 | P129: 166.6 | Q129: =AVERAGE(Q130:Q131) -> 165.3 | R129: 168.9 | S129: 166.5 | T129: 176 | U129: 162 | V129: 166.6 | W129: 170.6 | X129: 167.4 | Y129: 168.3 | Z129: 168.7 | AA129: =SUM(Table14[[#This Row],[Cereals and products]:[Food and beverages]])/13 -> 167.62308 | AB129: =SUM(Table14[[#This Row],[Fuel and light]]) -> 168.9 | AC129: =SUM(Table14[[#This Row],[Transport and communication]]) -> 162 | AD129: =SUM(Table14[[#This Row],[Housing]],Table14[[#This Row],[Household goods and services]])/2 -> 165.9 | AE129: =SUM(Table14[[#This Row],[Health]]) -> 176 | AF129: =SUM(Table14[[#This Row],[Recreation and amusement]],Table14[[#This Row],[Education]])/2 -> 168.6 | AG129: =SUM(Table14[[#This Row],[Miscellaneous]],Table14[[#This Row],[Personal care and effects]])/2 -> 167.85
A130: Rural+Urban | B130: 2022 | C130: March | D130: 151.3 | E130: 210.7 | F130: 167.8 | G130: 162.2 | H130: 194.6 | I130: 157.6 | J130: 166.9 | K130: 163.9 | L130: 118.8 | M130: 177.4 | N130: 165.3 | O130: 179.3 | P130: 168.4 | Q130: 165.3 | R130: 167.2 | S130: 162.8 | T130: 173 | U130: 157.9 | V130: 163.3 | W130: 166 | X130: 167.2 | Y130: 164.6 | Z130: 167.7 | AA130: =SUM(Table14[[#This Row],[Cereals and products]:[Food and beverages]])/13 -> 168.01538 | AB130: =SUM(Table14[[#This Row],[Fuel and light]]) -> 167.2 | AC130: =SUM(Table14[[#This Row],[Transport and communication]]) -> 157.9 | AD130: =SUM(Table14[[#This Row],[Housing]],Table14[[#This Row],[Household goods and services]])/2 -> 164.05 | AE130: =SUM(Table14[[#This Row],[Health]]) -> 173 | AF130: =SUM(Table14[[#This Row],[Recreation and amusement]],Table14[[#This Row],[Education]])/2 -> 164.65 | AG130: =SUM(Table14[[#This Row],[Miscellaneous]],Table14[[#This Row],[Personal care and effects]])/2 -> 165.9
A131: Urban | B131: 2022 | C131: March | D131: 153.7 | E131: 215.8 | F131: 167.7 | G131: 162.6 | H131: 180 | I131: 159.6 | J131: 188.4 | K131: 163.4 | L131: 120.3 | M131: 174.7 | N131: 157.1 | O131: 181.5 | P131: 171.5 | Q131: 165.3 | R131: 164.5 | S131: 158.6 | T131: 168.2 | U131: 154.2 | V131: 160.8 | W131: 162.7 | X131: 166.8 | Y131: 160.6 | Z131: 166.5 | AA131: =SUM(Table14[[#This Row],[Cereals and products]:[Food and beverages]])/13 -> 168.94615 | AB131: =SUM(Table14[[#This Row],[Fuel and light]]) -> 164.5 | AC131: =SUM(Table14[[#This Row],[Transport and communication]]) -> 154.2 | AD131: =SUM(Table14[[#This Row],[Housing]],Table14[[#This Row],[Household goods and services]])/2 -> 161.95 | AE131: =SUM(Table14[[#This Row],[Health]]) -> 168.2 | AF131: =SUM(Table14[[#This Row],[Recreation and amusement]],Table14[[#This Row],[Education]])/2 -> 161.75 | AG131: =SUM(Table14[[#This Row],[Miscellaneous]],Table14[[#This Row],[Personal care and effects]])/2 -> 163.7
A132: Rural | B132: 2020 | C132: August | D132: 147.6 | E132: 187.2 | F132: 148.4 | G132: 153.3 | H132: 139.8 | I132: 146.9 | J132: 171 | K132: 149.9 | L132: 114.2 | M132: 160 | N132: 143.5 | O132: 161.5 | P132: 155.3 | Q132: =AVERAGE(Q133:Q134) -> 155.5 | R132: 145.8 | S132: 151.9 | T132: 158.8 | U132: 143.6 | V132: 152.2 | W132: 162.7 | X132: 153.6 | Y132: 153 | Z132: 154.7 | AA132: =SUM(Table14[[#This Row],[Cereals and products]:[Food and beverages]])/13 -> 152.2 | AB132: =SUM(Table14[[#This Row],[Fuel and light]]) -> 145.8 | AC132: =SUM(Table14[[#This Row],[Transport and communication]]) -> 143.6 | AD132: =SUM(Table14[[#This Row],[Housing]],Table14[[#This Row],[Household goods and services]])/2 -> 153.7 | AE132: =SUM(Table14[[#This Row],[Health]]) -> 158.8 | AF132: =SUM(Table14[[#This Row],[Recreation and amusement]],Table14[[#This Row],[Education]])/2 -> 157.45 | AG132: =SUM(Table14[[#This Row],[Miscellaneous]],Table14[[#This Row],[Personal care and effects]])/2 -> 153.3
A133: Rural+Urban | B133: 2020 | C133: August | D133: 148.9 | E133: 190.9 | F133: 150.8 | G133: 153.3 | H133: 137.4 | I133: 150.4 | J133: 178.1 | K133: 150.4 | L133: 115.1 | M133: 160 | N133: 140.6 | O133: 162.3 | P133: 157 | Q133: 155.5 | R133: 143 | S133: 148.4 | T133: 155 | U133: 138.5 | V133: 146 | W133: 158.5 | X133: 154.3 | Y133: 149 | Z133: 153.9 | AA133: =SUM(Table14[[#This Row],[Cereals and products]:[Food and beverages]])/13 -> 153.47692 | AB133: =SUM(Table14[[#This Row],[Fuel and light]]) -> 143 | AC133: =SUM(Table14[[#This Row],[Transport and communication]]) -> 138.5 | AD133: =SUM(Table14[[#This Row],[Housing]],Table14[[#This Row],[Household goods and services]])/2 -> 151.95 | AE133: =SUM(Table14[[#This Row],[Health]]) -> 155 | AF133: =SUM(Table14[[#This Row],[Recreation and amusement]],Table14[[#This Row],[Education]])/2 -> 152.25 | AG133: =SUM(Table14[[#This Row],[Miscellaneous]],Table14[[#This Row],[Personal care and effects]])/2 -> 151.65
A134: Urban | B134: 2020 | C134: August | D134: 151.6 | E134: 197.8 | F134: 154.5 | G134: 153.4 | H134: 133.4 | I134: 154.5 | J134: 191.9 | K134: 151.3 | L134: 116.8 | M134: 160 | N134: 136.5 | O134: 163.3 | P134: 159.9 | Q134: 155.5 | R134: 138.3 | S134: 144.5 | T134: 148.7 | U134: 133.9 | V134: 141.2 | W134: 155.5 | X134: 155.2 | Y134: 144.8 | Z134: 152.9 | AA134: =SUM(Table14[[#This Row],[Cereals and products]:[Food and beverages]])/13 -> 155.76154 | AB134: =SUM(Table14[[#This Row],[Fuel and light]]) -> 138.3 | AC134: =SUM(Table14[[#This Row],[Transport and communication]]) -> 133.9 | AD134: =SUM(Table14[[#This Row],[Housing]],Table14[[#This Row],[Household goods and services]])/2 -> 150 | AE134: =SUM(Table14[[#This Row],[Health]]) -> 148.7 | AF134: =SUM(Table14[[#This Row],[Recreation and amusement]],Table14[[#This Row],[Education]])/2 -> 148.35 | AG134: =SUM(Table14[[#This Row],[Miscellaneous]],Table14[[#This Row],[Personal care and effects]])/2 -> 150
A135: Rural | B135: 2020 | C135: December | D135: 144.6 | E135: 188.5 | F135: 173.4 | G135: 154 | H135: 150 | I135: 145.9 | J135: 225.2 | K135: 159.5 | L135: 114.4 | M135: 163.5 | N135: 153.4 | O135: 163.6 | P135: 164.5 | Q135: =AVERAGE(Q136:Q137) -> 158.4 | R135: 148.7 | S135: 153.4 | T135: 161.6 | U135: 146.4 | V135: 153.9 | W135: 162.9 | X135: 156.6 | Y135: 155.2 | Z135: 160.7 | AA135: =SUM(Table14[[#This Row],[Cereals and products]:[Food and beverages]])/13 -> 161.57692 | AB135: =SUM(Table14[[#This Row],[Fuel and light]]) -> 148.7 | AC135: =SUM(Table14[[#This Row],[Transport and communication]]) -> 146.4 | AD135: =SUM(Table14[[#This Row],[Housing]],Table14[[#This Row],[Household goods and services]])/2 -> 155.9 | AE135: =SUM(Table14[[#This Row],[Health]]) -> 161.6 | AF135: =SUM(Table14[[#This Row],[Recreation and amusement]],Table14[[#This Row],[Education]])/2 -> 158.4 | AG135: =SUM(Table14[[#This Row],[Miscellaneous]],Table14[[#This Row],[Personal care and effects]])/2 -> 155.9
A136: Rural+Urban | B136: 2020 | C136: December | D136: 146 | E136: 191 | F136: 175.3 | G136: 154.1 | H136: 146.6 | I136: 147.7 | J136: 230.5 | K136: 160.2 | L136: 115.3 | M136: 163 | N136: 149.2 | O136: 164.8 | P136: 165.4 | Q136: 158.4 | R136: 144.6 | S136: 149.7 | T136: 158.3 | U136: 140.7 | V136: 148.5 | W136: 159.4 | X136: 157.1 | Y136: 151.2 | Z136: 158.9 | AA136: =SUM(Table14[[#This Row],[Cereals and products]:[Food and beverages]])/13 -> 162.23846 | AB136: =SUM(Table14[[#This Row],[Fuel and light]]) -> 144.6 | AC136: =SUM(Table14[[#This Row],[Transport and communication]]) -> 140.7 | AD136: =SUM(Table14[[#This Row],[Housing]],Table14[[#This Row],[Household goods and services]])/2 -> 154.05 | AE136: =SUM(Table14[[#This Row],[Health]]) -> 158.3 | AF136: =SUM(Table14[[#This Row],[Recreation and amusement]],Table14[[#This Row],[Education]])/2 -> 153.95 | AG136: =SUM(Table14[[#This Row],[Miscellaneous]],Table14[[#This Row],[Personal care and effects]])/2 -> 154.15
A137: Urban | B137: 2020 | C137: December | D137: 149 | E137: 195.7 | F137: 178.3 | G137: 154.2 | H137: 140.7 | I137: 149.7 | J137: 240.9 | K137: 161.5 | L137: 117.1 | M137: 161.9 | N137: 143.3 | O137: 166.1 | P137: 167 | Q137: 158.4 | R137: 137.9 | S137: 145.5 | T137: 152.9 | U137: 135.5 | V137: 144.3 | W137: 156.9 | X137: 157.9 | Y137: 146.9 | Z137: 156.9 | AA137: =SUM(Table14[[#This Row],[Cereals and products]:[Food and beverages]])/13 -> 163.49231 | AB137: =SUM(Table14[[#This Row],[Fuel and light]]) -> 137.9 | AC137: =SUM(Table14[[#This Row],[Transport and communication]]) -> 135.5 | AD137: =SUM(Table14[[#This Row],[Housing]],Table14[[#This Row],[Household goods and services]])/2 -> 151.95 | AE137: =SUM(Table14[[#This Row],[Health]]) -> 152.9 | AF137: =SUM(Table14[[#This Row],[Recreation and amusement]],Table14[[#This Row],[Education]])/2 -> 150.6 | AG137: =SUM(Table14[[#This Row],[Miscellaneous]],Table14[[#This Row],[Personal care and effects]])/2 -> 152.4
A138: Rural | B138: 2020 | C138: February | D138: 144.2 | E138: 167.5 | F138: 150.9 | G138: 150.9 | H138: 133.7 | I138: 140.7 | J138: 165.1 | K138: 141.8 | L138: 113.1 | M138: 152.8 | N138: 140.1 | O138: 159.2 | P138: 149.8 | Q138: =AVERAGE(Q139:Q140) -> 154.8 | R138: 152.3 | S138: 151.8 | T138: 156.2 | U138: 136 | V138: 150.4 | W138: 161.9 | X138: 143.4 | Y138: 148.4 | Z138: 150.4 | AA138: =SUM(Table14[[#This Row],[Cereals and products]:[Food and beverages]])/13 -> 146.90769 | AB138: =SUM(Table14[[#This Row],[Fuel and light]]) -> 152.3 | AC138: =SUM(Table14[[#This Row],[Transport and communication]]) -> 136 | AD138: =SUM(Table14[[#This Row],[Housing]],Table14[[#This Row],[Household goods and services]])/2 -> 153.3 | AE138: =SUM(Table14[[#This Row],[Health]]) -> 156.2 | AF138: =SUM(Table14[[#This Row],[Recreation and amusement]],Table14[[#This Row],[Education]])/2 -> 156.15 | AG138: =SUM(Table14[[#This Row],[Miscellaneous]],Table14[[#This Row],[Personal care and effects]])/2 -> 145.9
A139: Rural+Urban | B139: 2020 | C139: February | D139: 144.8 | E139: 167.5 | F139: 151.8 | G139: 150.8 | H139: 131.4 | I139: 141.8 | J139: 170.7 | K139: 141.1 | L139: 113.6 | M139: 152 | N139: 136.5 | O139: 159.1 | P139: 150.5 | Q139: 154.8 | R139: 147.2 | S139: 146.4 | T139: 151.7 | U139: 130.3 | V139: 143.2 | W139: 156.2 | X139: 143.4 | Y139: 143.6 | Z139: 149.1 | AA139: =SUM(Table14[[#This Row],[Cereals and products]:[Food and beverages]])/13 -> 147.04615 | AB139: =SUM(Table14[[#This Row],[Fuel and light]]) -> 147.2 | AC139: =SUM(Table14[[#This Row],[Transport and communication]]) -> 130.3 | AD139: =SUM(Table14[[#This Row],[Housing]],Table14[[#This Row],[Household goods and services]])/2 -> 150.6 | AE139: =SUM(Table14[[#This Row],[Health]]) -> 151.7 | AF139: =SUM(Table14[[#This Row],[Recreation and amusement]],Table14[[#This Row],[Education]])/2 -> 149.7 | AG139: =SUM(Table14[[#This Row],[Miscellaneous]],Table14[[#This Row],[Personal care and effects]])/2 -> 143.5
A140: Urban | B140: 2020 | C140: February | D140: 146.2 | E140: 167.6 | F140: 153.1 | G140: 150.7 | H140: 127.4 | I140: 143.1 | J140: 181.7 | K140: 139.6 | L140: 114.6 | M140: 150.4 | N140: 131.5 | O140: 159 | P140: 151.7 | Q140: 154.8 | R140: 138.9 | S140: 140.4 | T140: 144.4 | U140: 125.2 | V140: 137.7 | W140: 152.2 | X140: 143.5 | Y140: 138.4 | Z140: 147.7 | AA140: =SUM(Table14[[#This Row],[Cereals and products]:[Food and beverages]])/13 -> 147.43077 | AB140: =SUM(Table14[[#This Row],[Fuel and light]]) -> 138.9 | AC140: =SUM(Table14[[#This Row],[Transport and communication]]) -> 125.2 | AD140: =SUM(Table14[[#This Row],[Housing]],Table14[[#This Row],[Household goods and services]])/2 -> 147.6 | AE140: =SUM(Table14[[#This Row],[Health]]) -> 144.4 | AF140: =SUM(Table14[[#This Row],[Recreation and amusement]],Table14[[#This Row],[Education]])/2 -> 144.95 | AG140: =SUM(Table14[[#This Row],[Miscellaneous]],Table14[[#This Row],[Personal care and effects]])/2 -> 140.95
A141: Urban | B141: 2018 | C141: March | D141: 135 | E141: 143.1 | F141: 135.5 | G141: 139.9 | H141: 116.5 | I141: 138.5 | J141: 128 | K141: 115.5 | L141: 114.2 | M141: 140.7 | N141: 126.2 | O141: 147.6 | P141: 134.8 | Q141: 142 | R141: 126.4 | S141: 130.8 | T141: 130.5 | U141: 117.8 | V141: 126.8 | W141: 137.8 | X141: 126.7 | Y141: 127.1 | Z141: 134 | AA141: =SUM(Table14[[#This Row],[Cereals and products]:[Food and beverages]])/13 -> 131.96154 | AB141: =SUM(Table14[[#This Row],[Fuel and light]]) -> 126.4 | AC141: =SUM(Table14[[#This Row],[Transport and communication]]) -> 117.8 | AD141: =SUM(Table14[[#This Row],[Housing]],Table14[[#This Row],[Household goods and services]])/2 -> 136.4 | AE141: =SUM(Table14[[#This Row],[Health]]) -> 130.5 | AF141: =SUM(Table14[[#This Row],[Recreation and amusement]],Table14[[#This Row],[Education]])/2 -> 132.3 | AG141: =SUM(Table14[[#This Row],[Miscellaneous]],Table14[[#This Row],[Personal care and effects]])/2 -> 126.9
...

Sheet Dataset(Highest Inflation rate 
A1: Details for Sum of Transportation2 - Month: December
A3: l | B3: Year | C3: Month | D3: Cereals and products | E3: Meat and fish | F3: Egg | G3: Milk and products | H3: Oils and fats | I3: Fruits | J3: Vegetables | K3: Pulses and products | L3: Sugar and Confectionery | M3: Spices | N3: Non-alcoholic beverages | O3: Prepared meals, snacks, sweets etc. | P3: Food and beverages | Q3: Housing | R3: Fuel and light | S3: Household goods and services | T3: Health | U3: Transport and communication | V3: Recreation and amusement | W3: Education | X3: Personal care and effects | Y3: Miscellaneous | Z3: General index | AA3: Food | AB3: Energy/Fuel | AC3: Transportation | AD3: Housing | AE3: Healthcare | AF3: Education & Recreation | AG3: Others | AH3: Year on- Year Inflation
A4: Urban | B4: 2013 | C4: December | D4: 120.5 | E4: 118.1 | F4: 128.5 | G4: 112.8 | H4: 103.4 | I4: 110.7 | J4: 144.8 | K4: 107.1 | L4: 98.6 | M4: 111.9 | N4: 112.1 | O4: 118.1 | P4: 117.8 | Q4: 110.7 | R4: 110.4 | S4: 111.3 | T4: 109 | U4: 109.7 | V4: 108.9 | W4: 111.4 | X4: 107.7 | Y4: 109.8 | Z4: 113.3 | AA4: 115.72308 | AB4: 110.4 | AC4: 109.7 | AD4: 111 | AE4: 109 | AF4: 110.15 | AG4: 108.75 | AH4: =Z23-Z20/Z20*100 -> 50.4
A5: Rural+Urban | B5: 2013 | C5: December | D5: 119.1 | E5: 116.7 | F5: 123.5 | G5: 113.4 | H5: 107.3 | I5: 113.3 | J5: 145.4 | K5: 108.7 | L5: 101.5 | M5: 110.5 | N5: 112.1 | O5: 117.4 | P5: 118.4 | Q5: 110.7 | R5: 111.9 | S5: 111.7 | T5: 109.7 | U5: 109.8 | V5: 109 | W5: 111.5 | X5: 107.9 | Y5: 110 | Z5: 114.5 | AA5: 115.94615 | AB5: 111.9 | AC5: 109.8 | AD5: 111.2 | AE5: 109.7 | AF5: 110.25 | AG5: 108.95 | AH5: =Z24-Z21/Z21*100 -> 58.9
A6: Rural | B6: 2013 | C6: December | D6: 118.4 | E6: 115.9 | F6: 120.4 | G6: 113.8 | H6: 109.5 | I6: 115.5 | J6: 145.7 | K6: 109.5 | L6: 102.9 | M6: 109.8 | N6: 112.1 | O6: 116.8 | P6: 118.7 | Q6: 110.7 | R6: 112.8 | S6: 112.1 | T6: 110.1 | U6: 109.9 | V6: 109.2 | W6: 111.6 | X6: 108.1 | Y6: 110.1 | Z6: 115.5 | AA6: 116.07692 | AB6: 112.8 | AC6: 109.9 | AD6: 111.4 | AE6: 110.1 | AF6: 110.4 | AG6: 109.1 | AH6: =Z25-Z22/Z22*100 -> 60.7
A7: Urban | B7: 2014 | C7: December | D7: 124 | E7: 124.7 | F7: 126.3 | G7: 124.9 | H7: 103 | I7: 122.3 | J7: 141 | K7: 120.1 | L7: 97.8 | M7: 125.4 | N7: 116.1 | O7: 127.6 | P7: 124 | Q7: 116.5 | R7: 113 | S7: 116.8 | T7: 113.2 | U7: 108.8 | V7: 114.3 | W7: 120.7 | X7: 110.4 | Y7: 113.4 | Z7: 118.4 | AA7: 121.32308 | AB7: 113 | AC7: 108.8 | AD7: 116.65 | AE7: 113.2 | AF7: 117.5 | AG7: 111.9 | AH7: =Z26-Z23/Z23*100 -> 41.9
A8: Rural+Urban | B8: 2014 | C8: December | D8: 122.9 | E8: 123.2 | F8: 123.5 | G8: 124.5 | H8: 107.6 | I8: 125.7 | J8: 140.5 | K8: 117.6 | L8: 100.6 | M8: 119.1 | N8: 116.8 | O8: 126.1 | P8: 123.6 | Q8: 116.5 | R8: 115.7 | S8: 117.5 | T8: 115.1 | U8: 110.1 | V8: 113.9 | W8: 119.5 | X8: 109.8 | Y8: 113.8 | Z8: 119.4 | AA8: 120.9 | AB8: 115.7 | AC8: 110.1 | AD8: 117 | AE8: 115.1 | AF8: 116.7 | AG8: 111.8 | AH8: =Z27-Z24/Z24*100 -> 52.3
A9: Urban | B9: 2015 | C9: December | D9: 124.3 | E9: 131.7 | F9: 127.1 | G9: 128.6 | H9: 110 | I9: 120.8 | J9: 149 | K9: 190.1 | L9: 92.7 | M9: 138.6 | N9: 120.2 | O9: 134.2 | P9: 131.5 | Q9: 122.4 | R9: 116 | S9: 121 | T9: 118.6 | U9: 109.3 | V9: 118.1 | W9: 126.6 | X9: 113.2 | Y9: 116.7 | Z9: 124 | AA9: 130.67692 | AB9: 116 | AC9: 109.3 | AD9: 121.7 | AE9: 118.6 | AF9: 122.35 | AG9: 114.95 | AH9: =Z28-Z25/Z25*100 -> 65.2
A10: Rural | B10: 2014 | C10: December | D10: 122.4 | E10: 122.4 | F10: 121.8 | G10: 124.2 | H10: 110.2 | I10: 128.6 | J10: 140.3 | K10: 116.3 | L10: 102 | M10: 116 | N10: 117.3 | O10: 124.8 | P10: 123.3 | Q10: 116.5 | R10: 117.4 | S10: 118.2 | T10: 116.2 | U10: 111.5 | V10: 113.3 | W10: 117.7 | X10: 109.4 | Y10: 114.2 | Z10: 120.3 | AA10: 120.73846 | AB10: 117.4 | AC10: 111.5 | AD10: 117.35 | AE10: 116.2 | AF10: 115.5 | AG10: 111.8 | AH10: =Z29-Z26/Z26*100 -> 66.2
A11: Urban | B11: 2016 | C11: December | D11: 131.6 | E11: 138.2 | F11: 134.9 | G11: 133.1 | H11: 113.5 | I11: 129.3 | J11: 121.1 | K11: 170.3 | L11: 115.5 | M11: 145.5 | N11: 123.1 | O11: 140.9 | P11: 132.8 | Q11: 128.5 | R11: 117.8 | S11: 125 | T11: 122.3 | U11: 113.7 | V11: 121.8 | W11: 132.3 | X11: 119.9 | Y11: 121.4 | Z11: 127.6 | AA11: 133.06154 | AB11: 117.8 | AC11: 113.7 | AD11: 126.75 | AE11: 122.3 | AF11: 127.05 | AG11: 120.65 | AH11: =Z30-Z27/Z27*100 -> 67
A12: Rural+Urban | B12: 2015 | C12: December | D12: 125.7 | E12: 131.4 | F12: 124.8 | G12: 129.4 | H12: 115.3 | I12: 126.6 | J12: 146.7 | K12: 171.5 | L12: 94.5 | M12: 132.1 | N12: 122 | O12: 134.7 | P12: 131.4 | Q12: 122.4 | R12: 122 | S12: 123.6 | T12: 121.4 | U12: 111.5 | V12: 119.6 | W12: 126.2 | X12: 113.7 | Y12: 118.3 | Z12: 126.1 | AA12: 129.7 | AB12: 122 | AC12: 111.5 | AD12: 123 | AE12: 121.4 | AF12: 122.9 | AG12: 116 | AH12: =Z31-Z28/Z28*100 -> 74.1
A13: Rural | B13: 2015 | C13: December | D13: 126.3 | E13: 131.3 | F13: 123.3 | G13: 129.8 | H13: 118.3 | I13: 131.6 | J13: 145.5 | K13: 162.1 | L13: 95.4 | M13: 128.9 | N13: 123.3 | O13: 135.1 | P13: 131.4 | Q13: 122.4 | R13: 125.7 | S13: 126 | T13: 123.1 | U13: 114 | V13: 121.6 | W13: 125.6 | X13: 114.1 | Y13: 119.8 | Z13: 127.9 | AA13: 129.40769 | AB13: 125.7 | AC13: 114 | AD13: 124.2 | AE13: 123.1 | AF13: 123.6 | AG13: 116.95 | AH13: =Z32-Z29/Z29*100 -> 75.7
A14: Rural+Urban | B14: 2016 | C14: December | D14: 132.3 | E14: 137.6 | F14: 132.9 | G14: 135.1 | H14: 118.6 | I14: 132.7 | J14: 125.3 | K14: 168.7 | L14: 114.4 | M14: 140.2 | N14: 126.6 | O14: 142.3 | P14: 134 | Q14: 128.5 | R14: 126.6 | S14: 129.2 | T14: 126.9 | U14: 116 | V14: 124.2 | W14: 133.1 | X14: 121.1 | Y14: 123.9 | Z14: 130.4 | AA14: 133.9 | AB14: 126.6 | AC14: 116 | AD14: 128.85 | AE14: 126.9 | AF14: 128.65 | AG14: 122.5 | AH14: =Z33-Z30/Z30*100 -> 77.1
A15: Urban | B15: 2017 | C15: December | D15: 134.4 | E15: 142.6 | F15: 145.9 | G15: 139.5 | H15: 115.9 | I15: 135 | J15: 163.2 | K15: 119.8 | L15: 120.7 | M15: 139.7 | N15: 125.7 | O15: 146.3 | P15: 138.8 | Q15: 139.1 | R15: 126.8 | S15: 129.3 | T15: 128.2 | U15: 115.3 | V15: 125.6 | W15: 136.7 | X15: 124.6 | Y15: 125.1 | Z15: 134.1 | AA15: 135.96154 | AB15: 126.8 | AC15: 115.3 | AD15: 134.2 | AE15: 128.2 | AF15: 131.15 | AG15: 124.85 | AH15: =Z34-Z31/Z31*100 -> -100
... A18: Urban | B18: 2019 | C18: December | D18: 144.9 | E18: 164.5 | F18: 153.7 | G18: 147.5 | H18: 122.7 | I18: 147.2 | J18: 231.5 | K18: 137.2 | L18: 114.7 | M18: 148 | N18: 130.8 | O18: 157.7 | P18: 156.3 | Q18: 152.8 | R18: 133.6 | S18: 139.8 | T18: 143.2 | U18: 125.2 | V18: 136.8 | W18: 151.9 | X18: 140.2 | Y18: 137.7 | Z18: 148.3 | AA18: 150.51538 | AB18: 133.6 | AC18: 125.2 | AD18: 146.3 | AE18: 143.2 | AF18: 144.35 | AG18: 138.95 | AH18: =Z37-Z34/Z34*100 -> #DIV/0!
A19: Rural+Urban | B19: 2017 | C19: December | D19: 135.8 | E19: 143.3 | F19: 145.2 | G19: 141 | H19: 120.5 | I19: 141.5 | J19: 161.7 | K19: 129.1 | L19: 121.5 | M19: 137.1 | N19: 128.8 | O19: 149 | P19: 140.5 | Q19: 139.1 | R19: 136.6 | S19: 134.7 | T19: 133.1 | U19: 118.5 | V19: 129 | W19: 138.5 | X19: 126.5 | Y19: 128.6 | Z19: 137.2 | AA19: 138.07692 | AB19: 136.6 | AC19: 118.5 | AD19: 136.9 | AE19: 133.1 | AF19: 133.75 | AG19: 127.55 | AH19: =Z22-Z19/Z19* 100 -> 40.1
A20: Urban | B20: 2020 | C20: December | D20: 149 | E20: 195.7 | F20: 178.3 | G20: 154.2 | H20: 140.7 | I20: 149.7 | J20: 240.9 | K20: 161.5 | L20: 117.1 | M20: 161.9 | N20: 143.3 | O20: 166.1 | P20: 167 | Q20: 158.4 | R20: 137.9 | S20: 145.5 | T20: 152.9 | U20: 135.5 | V20: 144.3 | W20: 156.9 | X20: 157.9 | Y20: 146.9 | Z20: 156.9 | AA20: 163.49231 | AB20: 137.9 | AC20: 135.5 | AD20: 151.95 | AE20: 152.9 | AF20: 150.6 | AG20: 152.4 | AH20: =Z23-Z20/Z20* 100 -> 50.4
A21: Rural | B21: 2017 | C21: December | D21: 136.4 | E21: 143.7 | F21: 144.8 | G21: 141.9 | H21: 123.1 | I21: 147.2 | J21: 161 | K21: 133.8 | L21: 121.9 | M21: 135.8 | N21: 131.1 | O21: 151.4 | P21: 141.5 | Q21: 139.1 | R21: 142.6 | S21: 139.5 | T21: 136.1 | U21: 122 | V21: 133.4 | W21: 141.1 | X21: 127.8 | Y21: 131.9 | Z21: 139.8 | AA21: 139.50769 | AB21: 142.6 | AC21: 122 | AD21: 139.3 | AE21: 136.1 | AF21: 137.25 | AG21: 129.85 | AH21: =Z24-Z21/Z21* 100 -> 58.9
A22: Rural+Urban | B22: 2018 | C22: December | D22: 137.5 | E22: 150.5 | F22: 138.8 | G22: 142.1 | H22: 122 | I22: 139.4 | J22: 135.2 | K22: 119.8 | L22: 110.3 | M22: 140.6 | N22: 133.8 | O22: 154.6 | P22: 138.2 | Q22: 146.5 | R22: 142.7 | S22: 143.2 | T22: 144.9 | U22: 123.6 | V22: 136.8 | W22: 150.1 | X22: 132.2 | Y22: 136.8 | Z22: 140.1 | AA22: 135.6 | AB22: 142.7 | AC22: 123.6 | AD22: 144.85 | AE22: 144.9 | AF22: 143.45 | AG22: 134.5 | AH22: =Z25-Z22/Z22* 100 -> 60.7
A23: Rural+Urban | B23: 2019 | C23: December | D23: 143.5 | E23: 165 | F23: 151.1 | G23: 148.3 | H23: 125.7 | I23: 145.7 | J23: 217 | K23: 138.3 | L23: 114 | M23: 148.7 | N23: 135.8 | O23: 158 | P23: 155 | Q23: 152.8 | R23: 143.7 | S23: 145.8 | T23: 150.4 | U23: 129.8 | V23: 142.3 | W23: 155.7 | X23: 140.4 | Y23: 142.5 | Z23: 150.4 | AA23: 149.7 | AB23: 143.7 | AC23: 129.8 | AD23: 149.3 | AE23: 150.4 | AF23: 149 | AG23: 141.45 | AH23: =Z26-Z23/Z23* 100 -> 41.9
A24: Rural+Urban | B24: 2020 | C24: December | D24: 146 | E24: 191 | F24: 175.3 | G24: 154.1 | H24: 146.6 | I24: 147.7 | J24: 230.5 | K24: 160.2 | L24: 115.3 | M24: 163 | N24: 149.2 | O24: 164.8 | P24: 165.4 | Q24: 158.4 | R24: 144.6 | S24: 149.7 | T24: 158.3 | U24: 140.7 | V24: 148.5 | W24: 159.4 | X24: 157.1 | Y24: 151.2 | Z24: 158.9 | AA24: 162.23846 | AB24: 144.6 | AC24: 140.7 | AD24: 154.05 | AE24: 158.3 | AF24: 153.95 | AG24: 154.15 | AH24: =Z27-Z24/Z24* 100 -> 52.3
A25: Rural | B25: 2020 | C25: December | D25: 144.6 | E25: 188.5 | F25: 173.4 | G25: 154 | H25: 150 | I25: 145.9 | J25: 225.2 | K25: 159.5 | L25: 114.4 | M25: 163.5 | N25: 153.4 | O25: 163.6 | P25: 164.5 | Q25: 158.4 | R25: 148.7 | S25: 153.4 | T25: 161.6 | U25: 146.4 | V25: 153.9 | W25: 162.9 | X25: 156.6 | Y25: 155.2 | Z25: 160.7 | AA25: 161.57692 | AB25: 148.7 | AC25: 146.4 | AD25: 155.9 | AE25: 161.6 | AF25: 158.4 | AG25: 155.9 | AH25: =Z28-Z25/Z25* 100 -> 65.2
A26: Rural | B26: 2018 | C26: December | D26: 137.1 | E26: 151.9 | F26: 137.4 | G26: 142.4 | H26: 124.2 | I26: 140.2 | J26: 136.6 | K26: 120.9 | L26: 109.9 | M26: 140.2 | N26: 137.8 | O26: 156 | P26: 138.5 | Q26: 146.5 | R26: 149 | S26: 149.5 | T26: 149.6 | U26: 128.9 | V26: 143.3 | W26: 155.1 | X26: 133.2 | Y26: 141.6 | Z26: 141.9 | AA26: 136.39231 | AB26: 149 | AC26: 128.9 | AD26: 148 | AE26: 149.6 | AF26: 149.2 | AG26: 137.4 | AH26: =Z29-Z26/Z26* 100 -> 66.2
A27: Rural | B27: 2019 | C27: December | D27: 142.8 | E27: 165.3 | F27: 149.5 | G27: 148.7 | H27: 127.5 | I27: 144.3 | J27: 209.5 | K27: 138.8 | L27: 113.6 | M27: 149.1 | N27: 139.3 | O27: 158.3 | P27: 154.3 | Q27: 152.8 | R27: 149.9 | S27: 151.2 | T27: 154.8 | U27: 135 | V27: 149.5 | W27: 161.1 | X27: 140.6 | Y27: 147.1 | Z27: 152.3 | AA27: 149.30769 | AB27: 149.9 | AC27: 135 | AD27: 152 | AE27: 154.8 | AF27: 155.3 | AG27: 143.85 | AH27: =Z30-Z27/Z27* 100 -> 67
A28: Urban | B28: 2021 | C28: December | D28: 151.6 | E28: 202.2 | F28: 180 | G28: 160 | H28: 173.5 | I28: 158.3 | J28: 219.5 | K28: 164.2 | L28: 121.9 | M28: 168.2 | N28: 156.5 | O28: 178.2 | P28: 172.2 | Q28: 163.4 | R28: 161.7 | S28: 156 | T28: 165.1 | U28: 151.8 | V28: 157.6 | W28: 160.6 | X28: 162.4 | Y28: 157.8 | Z28: 165.2 | AA28: 169.71538 | AB28: 161.7 | AC28: 151.8 | AD28: 159.7 | AE28: 165.1 | AF28: 159.1 | AG28: 160.1 | AH28: =Z31-Z28/Z28* 100 -> 74.1
A29: Rural+Urban | B29: 2021 | C29: December | D29: 148.7 | E29: 198.8 | F29: 177.9 | G29: 159.9 | H29: 187.6 | I29: 154.9 | J29: 188.3 | K29: 164.4 | L29: 121 | M29: 170.5 | N29: 164.2 | O29: 176.5 | P29: 168.2 | Q29: 163.4 | R29: 164.1 | S29: 160.2 | T29: 170.6 | U29: 155.7 | V29: 160.6 | W29: 164.4 | X29: 162.6 | Y29: 162 | Z29: 166.2 | AA29: 167.76154 | AB29: 164.1 | AC29: 155.7 | AD29: 161.8 | AE29: 170.6 | AF29: 162.5 | AG29: 162.3 | AH29: =Z32-Z29/Z29* 100 -> 75.7
A30: Rural | B30: 2021 | C30: December | D30: 147.4 | E30: 197 | F30: 176.5 | G30: 159.8 | H30: 195.8 | I30: 152 | J30: 172.3 | K30: 164.5 | L30: 120.6 | M30: 171.7 | N30: 169.7 | O30: 175.1 | P30: 165.8 | Q30: 163.4 | R30: 165.6 | S30: 163.9 | T30: 174 | U30: 160.1 | V30: 164.5 | W30: 169.7 | X30: 162.8 | Y30: 166 | Z30: 167 | AA30: 166.78462 | AB30: 165.6 | AC30: 160.1 | AD30: 163.65 | AE30: 174 | AF30: 167.1 | AG30: 164.4 | AH30: =Z33-Z30/Z30* 100 -> 77.1
... A32: Rural+Urban | B32: 2022 | C32: December | D32: 169.2 | E32: 209 | F32: 190.2 | G32: 173.6 | H32: 188.5 | I32: 158 | J32: 159.9 | K32: 170.8 | L32: 121.8 | M32: 205.2 | N32: 171 | O32: 190.3 | P32: 175.9 | Q32: 170.7 | R32: 182 | S32: 172.1 | T32: 181.1 | U32: 163.4 | V32: 168.9 | W32: 174.1 | X32: 175.8 | Y32: 172 | Z32: 175.7 | AA32: 175.64615 | AB32: 182 | AC32: 163.4 | AD32: 171.4 | AE32: 181.1 | AF32: 171.5 | AG32: 173.9 | AH32: =Z35-Z32/Z32* 100 -> -100
A33: Rural | B33: 2022 | C33: December | D33: 168.8 | E33: 206.9 | F33: 189.1 | G33: 173.4 | H33: 193.9 | I33: 156.7 | J33: 150.2 | K33: 170.5 | L33: 121.2 | M33: 207.5 | N33: 176.8 | O33: 187.7 | P33: 174.4 | Q33: 170.7 | R33: 182.8 | S33: 176.4 | T33: 183.5 | U33: 167.8 | V33: 171.2 | W33: 177.3 | X33: 175.7 | Y33: 175.5 | Z33: 177.1 | AA33: 175.16154 | AB33: 182.8 | AC33: 167.8 | AD33: 173.55 | AE33: 183.5 | AF33: 174.25 | AG33: 175.6
A36: Q2: Problem Statement 2.
B38: Year | D38: YEAR _ YEAR INFLATION_RATE
B39: 2017 | D39: =Z22-Z19/Z19 * 100 -> 40.1
B40: 2018 | D40: =Z23-Z20/Z20 * 100 -> 50.4
B41: 2019 | D41: =Z24-Z21/Z21 * 100 -> 58.9
B42: 2020 | C42: (Highest Inflation Rate) | D42: =Z25-Z22/Z22 * 100 -> 60.7
B43: 2021 | D43: =Z26-Z23/Z23 * 100 -> 41.9
B44: 2022 | D44: =Z27-Z24/Z24 * 100 -> 52.3
A46: YEAR | B46: 2020 | C46: was having the | D46: HIGHEST INFLATION RATE WHICH IS = 60.7
D49: +

Sheet Highest Category Contributor in

Sheet PROBLEM_STATEMENT_1
A1: Month | B1: December | F1: Last Month we have Taken as December | H1: Calculate Each Price Index Category Percentage Value | I1: List of Categories
A3: Row Labels | B3: Sum of Transportation2 | C3: Sum of Food | D3: Sum of Energy/Fuel | F3: (CHECK THE HIGHEST CPI INFLATION RATE OF THE WHICH CATEGORY)
A4: 108.8 | B4: 108.8 | C4: 121.32308 | D4: 113 | F4: =SUM(3840.8+4290.39+4146.6) -> 12277.79 | G4: Total SUM OF all Categories | H4: =(4290.39/12277.79) * 100 -> 34.944318 | I4: Food (Highest Inflation Contributor)
A5: 121.32308 | B5: 108.8 | C5: 121.32308 | D5: 113 | H5: =(3840.8/12277.79* 100) -> 31.282503 | I5: Transportation
A6: 113 | B6: 108.8 | C6: 121.32308 | D6: 113 | F6: Transportation = (3840.80) | H6: =(4146.6/12277.79 *100) -> 33.773179 | I6: Energy/Fuel
A7: 109.3 | B7: 109.3 | C7: 130.67692 | D7: 116 | F7: Food = (4290.39)
A8: 130.67692 | B8: 109.3 | C8: 130.67692 | D8: 116 | F8: Energy/Fuel = (4146.60)
A9: 116 | B9: 109.3 | C9: 130.67692 | D9: 116
A10: 109.7 | B10: 109.7 | C10: 115.72308 | D10: 110.4
A11: 115.72308 | B11: 109.7 | C11: 115.72308 | D11: 110.4 | H11: The Price Rise of the food category is the highest among all other three categories which is 34.94 %,
A12: 110.4 | B12: 109.7 | C12: 115.72308 | D12: 110.4
A13: 109.8 | B13: 109.8 | C13: 115.94615 | D13: 111.9
A14: 115.94615 | B14: 109.8 | C14: 115.94615 | D14: 111.9
A15: 111.9 | B15: 109.8 | C15: 115.94615 | D15: 111.9
A16: 109.9 | B16: 109.9 | C16: 116.07692 | D16: 112.8
A17: 116.07692 | B17: 109.9 | C17: 116.07692 | D17: 112.8
A18: 112.8 | B18: 109.9 | C18: 116.07692 | D18: 112.8
A19: 110.1 | B19: 110.1 | C19: 120.9 | D19: 115.7
A20: 120.9 | B20: 110.1 | C20: 120.9 | D20: 115.7
A21: 115.7 | B21: 110.1 | C21: 120.9 | D21: 115.7
A22: 111.5 | B22: 223 | C22: 250.43846 | D22: 239.4
A23: 120.73846 | B23: 111.5 | C23: 120.73846 | D23: 117.4
... A92: 182.8 | B92: 167.8 | C92: 175.16154 | D92: 182.8
A93: Grand Total | B93: 3840.8 | C93: 4290.3923 | D93: 4146.6

Sheet Problem Statement 3)
A1: Sector | B1: Year | C1: Month | D1: Cereals and products | E1: Meat and fish | F1: Egg | G1: Milk and products | H1: Oils and fats | I1: Fruits | J1: Vegetables | K1: Pulses and products | L1: Sugar and Confectionery | M1: Spices | N1: Non-alcoholic beverages | O1: Prepared meals, snacks, sweets etc. | P1: Food and beverages | Q1: Housing | R1: Fuel and light | S1: Household goods and services | T1: Health | U1: Transport and communication | V1: Recreation and amusement | W1: Education | X1: Personal care and effects | Y1: Miscellaneous | Z1: General index | AA1: Food | AB1: Energy/Fuel | AC1: Transportation | AD1: Housing | AE1: Healthcare | AF1: Education & Recreation | AG1: Others
A2: Rural | B2: 2022 | C2: September | D2: 162.9 | E2: 206.7 | F2: 169 | G2: 169.5 | H2: 194.1 | I2: 164.1 | J2: 176.9 | K2: 169 | L2: 120.8 | M2: 199.1 | N2: 175.4 | O2: 184.8 | P2: 175.5 | Q2: 162.1 | R2: 179.7 | S2: 173.6 | T2: 180.2 | U2: 166.9 | V2: 170 | W2: 176.2 | X2: 170.8 | Y2: 173.1 | Z2: 176.4 | AA2: =SUM(Table1[[#This Row],[Cereals and products]:[Food and beverages]])/13 -> 174.44615 | AB2: =SUM(Table1[[#This Row],[Fuel and light]]) -> 179.7 | AC2: =SUM(Table1[[#This Row],[Transport and communication]]) -> 166.9 | AD2: =SUM(Table1[[#This Row],[Housing]],Table1[[#This Row],[Household goods and services]])/2 -> 167.85 | AE2: =SUM(Table1[[#This Row],[Health]]) -> 180.2 | AF2: =SUM(Table1[[#This Row],[Recreation and amusement]],Table1[[#This Row],[Education]])/2 -> 173.1 | AG2: =SUM(Table1[[#This Row],[Miscellaneous]],Table1[[#This Row],[Personal care and effects]])/2 -> 171.95
A3: Rural+Urban | B3: 2022 | C3: September | D3: 163.5 | E3: 209.2 | F3: 169.7 | G3: 169.7 | H3: 188.7 | I3: 165.7 | J3: 191.8 | K3: 169.1 | L3: 121.6 | M3: 197.3 | N3: 169.4 | O3: 187.4 | P3: 177.8 | Q3: 169.5 | R3: 179.5 | S3: 169.5 | T3: 177.8 | U3: 162.3 | V3: 167.6 | W3: 173.1 | X3: 170.9 | Y3: 169.7 | Z3: 175.3 | AA3: =SUM(Table1[[#This Row],[Cereals and products]:[Food and beverages]])/13 -> 175.45385 | AB3: =SUM(Table1[[#This Row],[Fuel and light]]) -> 179.5 | AC3: =SUM(Table1[[#This Row],[Transport and communication]]) -> 162.3 | AD3: =SUM(Table1[[#This Row],[Housing]],Table1[[#This Row],[Household goods and services]])/2 -> 169.5 | AE3: =SUM(Table1[[#This Row],[Health]]) -> 177.8 | AF3: =SUM(Table1[[#This Row],[Recreation and amusement]],Table1[[#This Row],[Education]])/2 -> 170.35 | AG3: =SUM(Table1[[#This Row],[Miscellaneous]],Table1[[#This Row],[Personal care and effects]])/2 -> 170.3
A4: Urban | B4: 2022 | C4: September | D4: 164.9 | E4: 213.7 | F4: 170.9 | G4: 170.1 | H4: 179.3 | I4: 167.5 | J4: 220.8 | K4: 169.2 | L4: 123.1 | M4: 193.6 | N4: 161.1 | O4: 190.4 | P4: 181.8 | Q4: 169.5 | R4: 179.2 | S4: 165 | T4: 173.8 | U4: 158.2 | V4: 165.8 | W4: 170.9 | X4: 171.1 | Y4: 166.1 | Z4: 174.1 | AA4: =SUM(Table1[[#This Row],[Cereals and products]:[Food and beverages]])/13 -> 177.41538 | AB4: =SUM(Table1[[#This Row],[Fuel and light]]) -> 179.2 | AC4: =SUM(Table1[[#This Row],[Transport and communication]]) -> 158.2 | AD4: =SUM(Table1[[#This Row],[Housing]],Table1[[#This Row],[Household goods and services]])/2 -> 167.25 | AE4: =SUM(Table1[[#This Row],[Health]]) -> 173.8 | AF4: =SUM(Table1[[#This Row],[Recreation and amusement]],Table1[[#This Row],[Education]])/2 -> 168.35 | AG4: =SUM(Table1[[#This Row],[Miscellaneous]],Table1[[#This Row],[Personal care and effects]])/2 -> 168.6
A5: Rural | B5: 2019 | C5: August | D5: 139.2 | E5: 161.9 | F5: 137.1 | G5: 144.6 | H5: 124.7 | I5: 145.5 | J5: 156.2 | K5: 131.5 | L5: 111.7 | M5: 142.7 | N5: 138.5 | O5: 156.9 | P5: 144 | Q5: =AVERAGE(Q6:Q7) -> 151.6 | R5: 146.4 | S5: 150.2 | T5: 152.7 | U5: 131.4 | V5: 148 | W5: 159.7 | X5: 138.8 | Y5: 144.9 | Z5: 145.7 | AA5: =SUM(Table1[[#This Row],[Cereals and products]:[Food and beverages]])/13 -> 141.11538 | AB5: =SUM(Table1[[#This Row],[Fuel and light]]) -> 146.4 | AC5: =SUM(Table1[[#This Row],[Transport and communication]]) -> 131.4 | AD5: =SUM(Table1[[#This Row],[Housing]],Table1[[#This Row],[Household goods and services]])/2 -> 150.9 | AE5: =SUM(Table1[[#This Row],[Health]]) -> 152.7 | AF5: =SUM(Table1[[#This Row],[Recreation and amusement]],Table1[[#This Row],[Education]])/2 -> 153.85 | AG5: =SUM(Table1[[#This Row],[Miscellaneous]],Table1[[#This Row],[Personal care and effects]])/2 -> 141.85
A6: Rural+Urban | B6: 2019 | C6: August | D6: 140.1 | E6: 160.6 | F6: 138.5 | G6: 144.7 | H6: 122.9 | I6: 149.4 | J6: 167.4 | K6: 130.9 | L6: 112 | M6: 142.6 | N6: 134.9 | O6: 156.6 | P6: 145.9 | Q6: 151.6 | R6: 138.5 | S6: 144.5 | T6: 148.5 | U6: 125.8 | V6: 140.9 | W6: 154.9 | X6: 138.4 | Y6: 140.2 | Z6: 145 | AA6: =SUM(Table1[[#This Row],[Cereals and products]:[Food and beverages]])/13 -> 142.03846 | AB6: =SUM(Table1[[#This Row],[Fuel and light]]) -> 138.5 | AC6: =SUM(Table1[[#This Row],[Transport and communication]]) -> 125.8 | AD6: =SUM(Table1[[#This Row],[Housing]],Table1[[#This Row],[Household goods and services]])/2 -> 148.05 | AE6: =SUM(Table1[[#This Row],[Health]]) -> 148.5 | AF6: =SUM(Table1[[#This Row],[Recreation and amusement]],Table1[[#This Row],[Education]])/2 -> 147.9 | AG6: =SUM(Table1[[#This Row],[Miscellaneous]],Table1[[#This Row],[Personal care and effects]])/2 -> 139.3
A7: Urban | B7: 2019 | C7: August | D7: 142.1 | E7: 158.3 | F7: 140.8 | G7: 144.9 | H7: 119.9 | I7: 153.9 | J7: 189.1 | K7: 129.8 | L7: 112.7 | M7: 142.5 | N7: 129.8 | O7: 156.2 | P7: 149.1 | Q7: 151.6 | R7: 125.5 | S7: 138.1 | T7: 141.5 | U7: 120.8 | V7: 135.4 | W7: 151.5 | X7: 137.8 | Y7: 135.3 | Z7: 144.2 | AA7: =SUM(Table1[[#This Row],[Cereals and products]:[Food and beverages]])/13 -> 143.77692 | AB7: =SUM(Table1[[#This Row],[Fuel and light]]) -> 125.5 | AC7: =SUM(Table1[[#This Row],[Transport and communication]]) -> 120.8 | AD7: =SUM(Table1[[#This Row],[Housing]],Table1[[#This Row],[Household goods and services]])/2 -> 144.85 | AE7: =SUM(Table1[[#This Row],[Health]]) -> 141.5 | AF7: =SUM(Table1[[#This Row],[Recreation and amusement]],Table1[[#This Row],[Education]])/2 -> 143.45 | AG7: =SUM(Table1[[#This Row],[Miscellaneous]],Table1[[#This Row],[Personal care and effects]])/2 -> 136.55
A8: Rural | B8: 2019 | C8: December | D8: 142.8 | E8: 165.3 | F8: 149.5 | G8: 148.7 | H8: 127.5 | I8: 144.3 | J8: 209.5 | K8: 138.8 | L8: 113.6 | M8: 149.1 | N8: 139.3 | O8: 158.3 | P8: 154.3 | Q8: =AVERAGE(Q9:Q10) -> 152.8 | R8: 149.9 | S8: 151.2 | T8: 154.8 | U8: 135 | V8: 149.5 | W8: 161.1 | X8: 140.6 | Y8: 147.1 | Z8: 152.3 | AA8: =SUM(Table1[[#This Row],[Cereals and products]:[Food and beverages]])/13 -> 149.30769 | AB8: =SUM(Table1[[#This Row],[Fuel and light]]) -> 149.9 | AC8: =SUM(Table1[[#This Row],[Transport and communication]]) -> 135 | AD8: =SUM(Table1[[#This Row],[Housing]],Table1[[#This Row],[Household goods and services]])/2 -> 152 | AE8: =SUM(Table1[[#This Row],[Health]]) -> 154.8 | AF8: =SUM(Table1[[#This Row],[Recreation and amusement]],Table1[[#This Row],[Education]])/2 -> 155.3 | AG8: =SUM(Table1[[#This Row],[Miscellaneous]],Table1[[#This Row],[Personal care and effects]])/2 -> 143.85
A9: Rural+Urban | B9: 2019 | C9: December | D9: 143.5 | E9: 165 | F9: 151.1 | G9: 148.3 | H9: 125.7 | I9: 145.7 | J9: 217 | K9: 138.3 | L9: 114 | M9: 148.7 | N9: 135.8 | O9: 158 | P9: 155 | Q9: 152.8 | R9: 143.7 | S9: 145.8 | T9: 150.4 | U9: 129.8 | V9: 142.3 | W9: 155.7 | X9: 140.4 | Y9: 142.5 | Z9: 150.4 | AA9: =SUM(Table1[[#This Row],[Cereals and products]:[Food and beverages]])/13 -> 149.7 | AB9: =SUM(Table1[[#This Row],[Fuel and light]]) -> 143.7 | AC9: =SUM(Table1[[#This Row],[Transport and communication]]) -> 129.8 | AD9: =SUM(Table1[[#This Row],[Housing]],Table1[[#This Row],[Household goods and services]])/2 -> 149.3 | AE9: =SUM(Table1[[#This Row],[Health]]) -> 150.4 | AF9: =SUM(Table1[[#This Row],[Recreation and amusement]],Table1[[#This Row],[Education]])/2 -> 149 | AG9: =SUM(Table1[[#This Row],[Miscellaneous]],Table1[[#This Row],[Personal care and effects]])/2 -> 141.45
A10: Urban | B10: 2019 | C10: December | D10: 144.9 | E10: 164.5 | F10: 153.7 | G10: 147.5 | H10: 122.7 | I10: 147.2 | J10: 231.5 | K10: 137.2 | L10: 114.7 | M10: 148 | N10: 130.8 | O10: 157.7 | P10: 156.3 | Q10: 152.8 | R10: 133.6 | S10: 139.8 | T10: 143.2 | U10: 125.2 | V10: 136.8 | W10: 151.9 | X10: 140.2 | Y10: 137.7 | Z10: 148.3 | AA10: =SUM(Table1[[#This Row],[Cereals and products]:[Food and beverages]])/13 -> 150.51538 | AB10: =SUM(Table1[[#This Row],[Fuel and light]]) -> 133.6 | AC10: =SUM(Table1[[#This Row],[Transport and communication]]) -> 125.2 | AD10: =SUM(Table1[[#This Row],[Housing]],Table1[[#This Row],[Household goods and services]])/2 -> 146.3 | AE10: =SUM(Table1[[#This Row],[Health]]) -> 143.2 | AF10: =SUM(Table1[[#This Row],[Recreation and amusement]],Table1[[#This Row],[Education]])/2 -> 144.35 | AG10: =SUM(Table1[[#This Row],[Miscellaneous]],Table1[[#This Row],[Personal care and effects]])/2 -> 138.95
A11: Rural | B11: 2019 | C11: February | D11: 136.8 | E11: 153 | F11: 139.1 | G11: 142.5 | H11: 124.1 | I11: 135.8 | J11: 128.7 | K11: 121.5 | L11: 108.3 | M11: 139.2 | N11: 137.4 | O11: 156.2 | P11: 137.2 | Q11: =AVERAGE(Q12:Q13) -> 148.5 | R11: 145.3 | S11: 150.1 | T11: 149.9 | U11: 129.2 | V11: 143.4 | W11: 155.5 | X11: 134.9 | Y11: 142.2 | Z11: 141 | AA11: =SUM(Table1[[#This Row],[Cereals and products]:[Food and beverages]])/13 -> 135.36923 | AB11: =SUM(Table1[[#This Row],[Fuel and light]]) -> 145.3 | AC11: =SUM(Table1[[#This Row],[Transport and communication]]) -> 129.2 | AD11: =SUM(Table1[[#This Row],[Housing]],Table1[[#This Row],[Household goods and services]])/2 -> 149.3 | AE11: =SUM(Table1[[#This Row],[Health]]) -> 149.9 | AF11: =SUM(Table1[[#This Row],[Recreation and amusement]],Table1[[#This Row],[Education]])/2 -> 149.45 | AG11: =SUM(Table1[[#This Row],[Miscellaneous]],Table1[[#This Row],[Personal care and effects]])/2 -> 138.55
A12: Rural+Urban | B12: 2019 | C12: February | D12: 137.6 | E12: 152 | F12: 141.5 | G12: 142.2 | H12: 122 | I12: 136.4 | J12: 129.7 | K12: 121 | L12: 109 | M12: 139.7 | N12: 133.6 | O12: 154.9 | P12: 137.5 | Q12: 148.5 | R12: 138.4 | S12: 143.7 | T12: 145.6 | U12: 123.9 | V12: 137.1 | W12: 150.3 | X12: 134.1 | Y12: 137.4 | Z12: 139.9 | AA12: =SUM(Table1[[#This Row],[Cereals and products]:[Food and beverages]])/13 -> 135.16154 | AB12: =SUM(Table1[[#This Row],[Fuel and light]]) -> 138.4 | AC12: =SUM(Table1[[#This Row],[Transport and communication]]) -> 123.9 | AD12: =SUM(Table1[[#This Row],[Housing]],Table1[[#This Row],[Household goods and services]])/2 -> 146.1 | AE12: =SUM(Table1[[#This Row],[Health]]) -> 145.6 | AF12: =SUM(Table1[[#This Row],[Recreation and amusement]],Table1[[#This Row],[Education]])/2 -> 143.7 | AG12: =SUM(Table1[[#This Row],[Miscellaneous]],Table1[[#This Row],[Personal care and effects]])/2 -> 135.75
A13: Urban | B13: 2019 | C13: February | D13: 139.4 | E13: 150.1 | F13: 145.3 | G13: 141.7 | H13: 118.4 | I13: 137 | J13: 131.6 | K13: 119.9 | L13: 110.4 | M13: 140.8 | N13: 128.3 | O13: 153.5 | P13: 138 | Q13: 148.5 | R13: 127.1 | S13: 136.6 | T13: 138.5 | U13: 119.2 | V13: 132.2 | W13: 146.6 | X13: 133 | Y13: 132.4 | Z13: 138.6 | AA13: =SUM(Table1[[#This Row],[Cereals and products]:[Food and beverages]])/13 -> 134.95385 | AB13: =SUM(Table1[[#This Row],[Fuel and light]]) -> 127.1 | AC13: =SUM(Table1[[#This Row],[Transport and communication]]) -> 119.2 | AD13: =SUM(Table1[[#This Row],[Housing]],Table1[[#This Row],[Household goods and services]])/2 -> 142.55 | AE13: =SUM(Table1[[#This Row],[Health]]) -> 138.5 | AF13: =SUM(Table1[[#This Row],[Recreation and amusement]],Table1[[#This Row],[Education]])/2 -> 139.4 | AG13: =SUM(Table1[[#This Row],[Miscellaneous]],Table1[[#This Row],[Personal care and effects]])/2 -> 132.7
A14: Urban | B14: 2018 | C14: September | D14: 137 | E14: 143.1 | F14: 132.8 | G14: 141.5 | H14: 117.8 | I14: 140 | J14: 151.3 | K14: 113.5 | L14: 112.3 | M14: 141.2 | N14: 127.7 | O14: 151.3 | P14: 138.9 | Q14: 145.3 | R14: 131.2 | S14: 134.9 | T14: 135.7 | U14: 122.5 | V14: 130.2 | W14: 145.2 | X14: 129.3 | Y14: 131.9 | Z14: 138.1 | AA14: =SUM(Table1[[#This Row],[Cereals and products]:[Food and beverages]])/13 -> 134.49231 | AB14: =SUM(Table1[[#This Row],[Fuel and light]]) -> 131.2 | AC14: =SUM(Table1[[#This Row],[Transport and communication]]) -> 122.5 | AD14: =SUM(Table1[[#This Row],[Housing]],Table1[[#This Row],[Household goods and services]])/2 -> 140.1 | AE14: =SUM(Table1[[#This Row],[Health]]) -> 135.7 | AF14: =SUM(Table1[[#This Row],[Recreation and amusement]],Table1[[#This Row],[Education]])/2 -> 137.7 | AG14: =SUM(Table1[[#This Row],[Miscellaneous]],Table1[[#This Row],[Personal care and effects]])/2 -> 130.6
A15: Rural+Urban | B15: 2018 | C15: September | D15: 138.6 | E15: 145.8 | F15: 135.1 | G15: 142.9 | H15: 122.1 | I15: 145.4 | J15: 150 | K15: 121.4 | L15: 113.7 | M15: 139.5 | N15: 130.8 | O15: 153.8 | P15: 140.4 | Q15: 145.3 | R15: 142.3 | S15: 139.7 | T15: 138.4 | U15: 126 | V15: 134.5 | W15: 146.2 | X15: 130.9 | Y15: 134.7 | Z15: 140.2 | AA15: =SUM(Table1[[#This Row],[Cereals and products]:[Food and beverages]])/13 -> 136.88462 | AB15: =SUM(Table1[[#This Row],[Fuel and light]]) -> 142.3 | AC15: =SUM(Table1[[#This Row],[Transport and communication]]) -> 126 | AD15: =SUM(Table1[[#This Row],[Housing]],Table1[[#This Row],[Household goods and services]])/2 -> 142.5 | AE15: =SUM(Table1[[#This Row],[Health]]) -> 138.4 | AF15: =SUM(Table1[[#This Row],[Recreation and amusement]],Table1[[#This Row],[Education]])/2 -> 140.35 | AG15: =SUM(Table1[[#This Row],[Miscellaneous]],Table1[[#This Row],[Personal care and effects]])/2 -> 132.8
A16: Rural | B16: 2018 | C16: September | D16: 139.4 | E16: 147.2 | F16: 136.6 | G16: 143.7 | H16: 124.6 | I16: 150.1 | J16: 149.4 | K16: 125.4 | L16: 114.4 | M16: 138.7 | N16: 133.1 | O16: 155.9 | P16: 141.3 | Q16: 145.3 | R16: 149 | S16: 144 | T16: 140 | U16: 129.9 | V16: 140 | W16: 147.6 | X16: 132 | Y16: 137.4 | Z16: 142.1 | AA16: =SUM(Table1[[#This Row],[Cereals and products]:[Food and beverages]])/13 -> 138.44615 | AB16: =SUM(Table1[[#This Row],[Fuel and light]]) -> 149 | AC16: =SUM(Table1[[#This Row],[Transport and communication]]) -> 129.9 | AD16: =SUM(Table1[[#This Row],[Housing]],Table1[[#This Row],[Household goods and services]])/2 -> 144.65 | AE16: =SUM(Table1[[#This Row],[Health]]) -> 140 | AF16: =SUM(Table1[[#This Row],[Recreation and amusement]],Table1[[#This Row],[Education]])/2 -> 143.8 | AG16: =SUM(Table1[[#This Row],[Miscellaneous]],Table1[[#This Row],[Personal care and effects]])/2 -> 134.7
A17: Urban | B17: 2017 | C17: September | D17: 133.6 | E17: 143 | F17: 129.7 | G17: 138.7 | H17: 114.5 | I17: 137.5 | J17: 160.7 | K17: 124.5 | L17: 122.4 | M17: 137.3 | N17: 124.8 | O17: 145 | P17: 138 | Q17: 135.7 | R17: 120.6 | S17: 128.1 | T17: 126.1 | U17: 115.7 | V17: 124.5 | W17: 135.9 | X17: 124.4 | Y17: 124.5 | Z17: 132.4 | AA17: =SUM(Table1[[#This Row],[Cereals and products]:[Food and beverages]])/13 -> 134.59231 | AB17: =SUM(Table1[[#This Row],[Fuel and light]]) -> 120.6 | AC17: =SUM(Table1[[#This Row],[Transport and communication]]) -> 115.7 | AD17: =SUM(Table1[[#This Row],[Housing]],Table1[[#This Row],[Household goods and services]])/2 -> 131.9 | AE17: =SUM(Table1[[#This Row],[Health]]) -> 126.1 | AF17: =SUM(Table1[[#This Row],[Recreation and amusement]],Table1[[#This Row],[Education]])/2 -> 130.2 | AG17: =SUM(Table1[[#This Row],[Miscellaneous]],Table1[[#This Row],[Personal care and effects]])/2 -> 124.45
A18: Rural+Urban | B18: 2017 | C18: September | D18: 134.7 | E18: 142.4 | F18: 130.2 | G18: 139.6 | H18: 118.4 | I18: 143 | J18: 156.6 | K18: 132.9 | L18: 121.5 | M18: 135.6 | N18: 128.8 | O18: 147.3 | P18: 139 | Q18: 135.7 | R18: 131 | S18: 133.3 | T18: 130.6 | U18: 118.3 | V18: 127.9 | W18: 137.4 | X18: 125.7 | Y18: 127.5 | Z18: 135.2 | AA18: =SUM(Table1[[#This Row],[Cereals and products]:[Food and beverages]])/13 -> 136.15385 | AB18: =SUM(Table1[[#This Row],[Fuel and light]]) -> 131 | AC18: =SUM(Table1[[#This Row],[Transport and communication]]) -> 118.3 | AD18: =SUM(Table1[[#This Row],[Housing]],Table1[[#This Row],[Household goods and services]])/2 -> 134.5 | AE18: =SUM(Table1[[#This Row],[Health]]) -> 130.6 | AF18: =SUM(Table1[[#This Row],[Recreation and amusement]],Table1[[#This Row],[Education]])/2 -> 132.65 | AG18: =SUM(Table1[[#This Row],[Miscellaneous]],Table1[[#This Row],[Personal care and effects]])/2 -> 126.6
A19: Rural | B19: 2017 | C19: September | D19: 135.2 | E19: 142 | F19: 130.5 | G19: 140.2 | H19: 120.7 | I19: 147.8 | J19: 154.5 | K19: 137.1 | L19: 121 | M19: 134.7 | N19: 131.7 | O19: 149.3 | P19: 139.6 | Q19: 135.7 | R19: 137.4 | S19: 137.9 | T19: 133.4 | U19: 121.2 | V19: 132.3 | W19: 139.6 | X19: 126.7 | Y19: 130.3 | Z19: 137.6 | AA19: =SUM(Table1[[#This Row],[Cereals and products]:[Food and beverages]])/13 -> 137.25385 | AB19: =SUM(Table1[[#This Row],[Fuel and light]]) -> 137.4 | AC19: =SUM(Table1[[#This Row],[Transport and communication]]) -> 121.2 | AD19: =SUM(Table1[[#This Row],[Housing]],Table1[[#This Row],[Household goods and services]])/2 -> 136.8 | AE19: =SUM(Table1[[#This Row],[Health]]) -> 133.4 | AF19: =SUM(Table1[[#This Row],[Recreation and amusement]],Table1[[#This Row],[Education]])/2 -> 135.95 | AG19: =SUM(Table1[[#This Row],[Miscellaneous]],Table1[[#This Row],[Personal care and effects]])/2 -> 128.5
A20: Urban | B20: 2016 | C20: September | D20: 128.1 | E20: 137.7 | F20: 130.6 | G20: 132.6 | H20: 111.9 | I20: 132.5 | J20: 152.9 | K20: 173.6 | L20: 115.1 | M20: 144.8 | N20: 122.1 | O20: 138.8 | P20: 135.7 | Q20: 127.9 | R20: 114.8 | S20: 124.3 | T20: 121.4 | U20: 111.8 | V20: 120.8 | W20: 131.6 | X20: 121.2 | Y20: 120.5 | Z20: 128 | AA20: =SUM(Table1[[#This Row],[Cereals and products]:[Food and beverages]])/13 -> 135.10769 | AB20: =SUM(Table1[[#This Row],[Fuel and light]]) -> 114.8 | AC20: =SUM(Table1[[#This Row],[Transport and communication]]) -> 111.8 | AD20: =SUM(Table1[[#This Row],[Housing]],Table1[[#This Row],[Household goods and services]])/2 -> 126.1 | AE20: =SUM(Table1[[#This Row],[Health]]) -> 121.4 | AF20: =SUM(Table1[[#This Row],[Recreation and amusement]],Table1[[#This Row],[Education]])/2 -> 126.2 | AG20: =SUM(Table1[[#This Row],[Miscellaneous]],Table1[[#This Row],[Personal care and effects]])/2 -> 120.85
A21: Rural+Urban | B21: 2016 | C21: September | D21: 129.9 | E21: 138 | F21: 130.5 | G21: 134.4 | H21: 117.2 | I21: 136.1 | J21: 150.7 | K21: 171.5 | L21: 113.8 | M21: 138.8 | N21: 126 | O21: 140.2 | P21: 136.6 | Q21: 127.9 | R21: 124.1 | S21: 127.9 | T21: 125.4 | U21: 114.3 | V21: 122.9 | W21: 131.8 | X21: 122.1 | Y21: 122.8 | Z21: 130.9 | AA21: =SUM(Table1[[#This Row],[Cereals and products]:[Food and beverages]])/13 -> 135.66923 | AB21: =SUM(Table1[[#This Row],[Fuel and light]]) -> 124.1 | AC21: =SUM(Table1[[#This Row],[Transport and communication]]) -> 114.3 | AD21: =SUM(Table1[[#This Row],[Housing]],Table1[[#This Row],[Household goods and services]])/2 -> 127.9 | AE21: =SUM(Table1[[#This Row],[Health]]) -> 125.4 | AF21: =SUM(Table1[[#This Row],[Recreation and amusement]],Table1[[#This Row],[Education]])/2 -> 127.35 | AG21: =SUM(Table1[[#This Row],[Miscellaneous]],Table1[[#This Row],[Personal care and effects]])/2 -> 122.45
A22: Rural | B22: 2016 | C22: September | D22: 130.8 | E22: 138.2 | F22: 130.5 | G22: 135.5 | H22: 120.2 | I22: 139.2 | J22: 149.5 | K22: 170.4 | L22: 113.1 | M22: 135.8 | N22: 128.8 | O22: 141.5 | P22: 137.2 | Q22: 127.9 | R22: 129.7 | S22: 131.1 | T22: 127.8 | U22: 117 | V22: 125.7 | W22: 132.2 | X22: 122.8 | Y22: 124.9 | Z22: 133.4 | AA22: =SUM(Table1[[#This Row],[Cereals and products]:[Food and beverages]])/13 -> 136.20769 | AB22: =SUM(Table1[[#This Row],[Fuel and light]]) -> 129.7 | AC22: =SUM(Table1[[#This Row],[Transport and communication]]) -> 117 | AD22: =SUM(Table1[[#This Row],[Housing]],Table1[[#This Row],[Household goods and services]])/2 -> 129.5 | AE22: =SUM(Table1[[#This Row],[Health]]) -> 127.8 | AF22: =SUM(Table1[[#This Row],[Recreation and amusement]],Table1[[#This Row],[Education]])/2 -> 128.95 | AG22: =SUM(Table1[[#This Row],[Miscellaneous]],Table1[[#This Row],[Personal care and effects]])/2 -> 123.85
A23: Urban | B23: 2015 | C23: September | D23: 123.4 | E23: 129 | F23: 115.6 | G23: 128.3 | H23: 107 | I23: 124 | J23: 168.5 | K23: 165.4 | L23: 86.3 | M23: 134.4 | N23: 119.1 | O23: 132.3 | P23: 131.5 | Q23: 121.6 | R23: 115.1 | S23: 120.4 | T23: 117.1 | U23: 109.1 | V23: 117.3 | W23: 126.5 | X23: 112.9 | Y23: 116.2 | Z23: 123.5 | AA23: =SUM(Table1[[#This Row],[Cereals and products]:[Food and beverages]])/13 -> 128.06154 | AB23: =SUM(Table1[[#This Row],[Fuel and light]]) -> 115.1 | AC23: =SUM(Table1[[#This Row],[Transport and communication]]) -> 109.1 | AD23: =SUM(Table1[[#This Row],[Housing]],Table1[[#This Row],[Household goods and services]])/2 -> 121 | AE23: =SUM(Table1[[#This Row],[Health]]) -> 117.1 | AF23: =SUM(Table1[[#This Row],[Recreation and amusement]],Table1[[#This Row],[Education]])/2 -> 121.9 | AG23: =SUM(Table1[[#This Row],[Miscellaneous]],Table1[[#This Row],[Personal care and effects]])/2 -> 114.55
... A34: Urban | B34: 2022 | C34: October | D34: 166.4 | E34: 214.9 | F34: 171.9 | G34: 171 | H34: 177.7 | I34: 165.7 | J34: 228.6 | K34: 169.9 | L34: 123.4 | M34: 196.4 | N34: 161.6 | O34: 191.5 | P34: 183.3 | Q34: 171.2 | R34: 180 | S34: 166 | T34: 174.7 | U34: 158.8 | V34: 166.3 | W34: 171.2 | X34: 172.3 | Y34: 166.8 | Z34: 175.3 | AA34: =SUM(Table1[[#This Row],[Cereals and products]:[Food and beverages]])/13 -> 178.63846 | AB34: =SUM(Table1[[#This Row],[Fuel and light]]) -> 180 | AC34: =SUM(Table1[[#This Row],[Transport and communication]]) -> 158.8 | AD34: =SUM(Table1[[#This Row],[Housing]],Table1[[#This Row],[Household goods and services]])/2 -> 168.6 | AE34: =SUM(Table1[[#This Row],[Health]]) -> 174.7 | AF34: =SUM(Table1[[#This Row],[Recreation and amusement]],Table1[[#This Row],[Education]])/2 -> 168.75 | AG34: =SUM(Table1[[#This Row],[Miscellaneous]],Table1[[#This Row],[Personal care and effects]])/2 -> 169.55
A35: Rural | B35: 2019 | C35: January | D35: 136.6 | E35: 152.5 | F35: 138.2 | G35: 142.4 | H35: 123.9 | I35: 135.5 | J35: 131.7 | K35: 121.3 | L35: 108.4 | M35: 138.9 | N35: 137 | O35: 155.8 | P35: 137.4 | Q35: =AVERAGE(Q36:Q37) -> 147.7 | R35: 146.2 | S35: 150.1 | T35: 149.6 | U35: 128.6 | V35: 142.9 | W35: 155.2 | X35: 133.5 | Y35: 141.7 | Z35: 141 | AA35: =SUM(Table1[[#This Row],[Cereals and products]:[Food and beverages]])/13 -> 135.35385 | AB35: =SUM(Table1[[#This Row],[Fuel and light]]) -> 146.2 | AC35: =SUM(Table1[[#This Row],[Transport and communication]]) -> 128.6 | AD35: =SUM(Table1[[#This Row],[Housing]],Table1[[#This Row],[Household goods and services]])/2 -> 148.9 | AE35: =SUM(Table1[[#This Row],[Health]]) -> 149.6 | AF35: =SUM(Table1[[#This Row],[Recreation and amusement]],Table1[[#This Row],[Education]])/2 -> 149.05 | AG35: =SUM(Table1[[#This Row],[Miscellaneous]],Table1[[#This Row],[Personal care and effects]])/2 -> 137.6
A36: Rural+Urban | B36: 2019 | C36: January | D36: 137.1 | E36: 151.4 | F36: 140.2 | G36: 142.1 | H36: 121.8 | I36: 135.4 | J36: 131.3 | K36: 120.3 | L36: 109.1 | M36: 139.4 | N36: 133.3 | O36: 154.6 | P36: 137.4 | Q36: 147.7 | R36: 139.5 | S36: 143.6 | T36: 145.1 | U36: 123.3 | V36: 136.7 | W36: 150.2 | X36: 132.8 | Y36: 136.9 | Z36: 139.6 | AA36: =SUM(Table1[[#This Row],[Cereals and products]:[Food and beverages]])/13 -> 134.87692 | AB36: =SUM(Table1[[#This Row],[Fuel and light]]) -> 139.5 | AC36: =SUM(Table1[[#This Row],[Transport and communication]]) -> 123.3 | AD36: =SUM(Table1[[#This Row],[Housing]],Table1[[#This Row],[Household goods and services]])/2 -> 145.65 | AE36: =SUM(Table1[[#This Row],[Health]]) -> 145.1 | AF36: =SUM(Table1[[#This Row],[Recreation and amusement]],Table1[[#This Row],[Education]])/2 -> 143.45 | AG36: =SUM(Table1[[#This Row],[Miscellaneous]],Table1[[#This Row],[Personal care and effects]])/2 -> 134.85
A37: Urban | B37: 2019 | C37: January | D37: 138.3 | E37: 149.4 | F37: 143.5 | G37: 141.7 | H37: 118.1 | I37: 135.2 | J37: 130.5 | K37: 118.2 | L37: 110.4 | M37: 140.4 | N37: 128.1 | O37: 153.2 | P37: 137.3 | Q37: 147.7 | R37: 128.6 | S37: 136.3 | T37: 137.8 | U37: 118.6 | V37: 131.9 | W37: 146.6 | X37: 131.7 | Y37: 131.8 | Z37: 138 | AA37: =SUM(Table1[[#This Row],[Cereals and products]:[Food and beverages]])/13 -> 134.17692 | AB37: =SUM(Table1[[#This Row],[Fuel and light]]) -> 128.6 | AC37: =SUM(Table1[[#This Row],[Transport and communication]]) -> 118.6 | AD37: =SUM(Table1[[#This Row],[Housing]],Table1[[#This Row],[Household goods and services]])/2 -> 142 | AE37: =SUM(Table1[[#This Row],[Health]]) -> 137.8 | AF37: =SUM(Table1[[#This Row],[Recreation and amusement]],Table1[[#This Row],[Education]])/2 -> 139.25 | AG37: =SUM(Table1[[#This Row],[Miscellaneous]],Table1[[#This Row],[Personal care and effects]])/2 -> 131.75
A38: Rural | B38: 2019 | C38: July | D38: 138.4 | E38: 164 | F38: 138.4 | G38: 143.9 | H38: 124.4 | I38: 146.4 | J38: 150.1 | K38: 130.6 | L38: 110.8 | M38: 141.7 | N38: 138.5 | O38: 156.7 | P38: 143 | Q38: =AVERAGE(Q39:Q40) -> 150.6 | R38: 146.8 | S38: 150 | T38: 152.2 | U38: 131.2 | V38: 147.5 | W38: 159.1 | X38: 136.1 | Y38: 144.2 | Z38: 144.9 | AA38: =SUM(Table1[[#This Row],[Cereals and products]:[Food and beverages]])/13 -> 140.53077 | AB38: =SUM(Table1[[#This Row],[Fuel and light]]) -> 146.8 | AC38: =SUM(Table1[[#This Row],[Transport and communication]]) -> 131.2 | AD38: =SUM(Table1[[#This Row],[Housing]],Table1[[#This Row],[Household goods and services]])/2 -> 150.3 | AE38: =SUM(Table1[[#This Row],[Health]]) -> 152.2 | AF38: =SUM(Table1[[#This Row],[Recreation and amusement]],Table1[[#This Row],[Education]])/2 -> 153.3 | AG38: =SUM(Table1[[#This Row],[Miscellaneous]],Table1[[#This Row],[Personal care and effects]])/2 -> 140.15
A39: Rural+Urban | B39: 2019 | C39: July | D39: 139.3 | E39: 162.7 | F39: 140 | G39: 144 | H39: 122.5 | I39: 150.3 | J39: 160.3 | K39: 130 | L39: 111.1 | M39: 141.7 | N39: 134.7 | O39: 156.2 | P39: 144.7 | Q39: 150.6 | R39: 139.3 | S39: 144.2 | T39: 147.9 | U39: 125.6 | V39: 140.5 | W39: 154 | X39: 135.7 | Y39: 139.5 | Z39: 144.2 | AA39: =SUM(Table1[[#This Row],[Cereals and products]:[Food and beverages]])/13 -> 141.34615 | AB39: =SUM(Table1[[#This Row],[Fuel and light]]) -> 139.3 | AC39: =SUM(Table1[[#This Row],[Transport and communication]]) -> 125.6 | AD39: =SUM(Table1[[#This Row],[Housing]],Table1[[#This Row],[Household goods and services]])/2 -> 147.4 | AE39: =SUM(Table1[[#This Row],[Health]]) -> 147.9 | AF39: =SUM(Table1[[#This Row],[Recreation and amusement]],Table1[[#This Row],[Education]])/2 -> 147.25 | AG39: =SUM(Table1[[#This Row],[Miscellaneous]],Table1[[#This Row],[Personal care and effects]])/2 -> 137.6
A40: Urban | B40: 2019 | C40: July | D40: 141.4 | E40: 160.2 | F40: 142.5 | G40: 144.1 | H40: 119.3 | I40: 154.7 | J40: 180.1 | K40: 128.9 | L40: 111.8 | M40: 141.6 | N40: 129.5 | O40: 155.6 | P40: 147.7 | Q40: 150.6 | R40: 127 | S40: 137.7 | T40: 140.8 | U40: 120.6 | V40: 135 | W40: 150.4 | X40: 135.1 | Y40: 134.5 | Z40: 143.3 | AA40: =SUM(Table1[[#This Row],[Cereals and products]:[Food and beverages]])/13 -> 142.87692 | AB40: =SUM(Table1[[#This Row],[Fuel and light]]) -> 127 | AC40: =SUM(Table1[[#This Row],[Transport and communication]]) -> 120.6 | AD40: =SUM(Table1[[#This Row],[Housing]],Table1[[#This Row],[Household goods and services]])/2 -> 144.15 | AE40: =SUM(Table1[[#This Row],[Health]]) -> 140.8 | AF40: =SUM(Table1[[#This Row],[Recreation and amusement]],Table1[[#This Row],[Education]])/2 -> 142.7 | AG40: =SUM(Table1[[#This Row],[Miscellaneous]],Table1[[#This Row],[Personal care and effects]])/2 -> 134.8
A41: Rural | B41: 2019 | C41: June | D41: 137.8 | E41: 163.5 | F41: 136.2 | G41: 143.2 | H41: 124.3 | I41: 143.3 | J41: 140.6 | K41: 128.7 | L41: 110.6 | M41: 140.4 | N41: 138 | O41: 156.6 | P41: 141 | Q41: =AVERAGE(Q42:Q43) -> 149.4 | R41: 147.8 | S41: 149.6 | T41: 151.7 | U41: 130.2 | V41: 146.4 | W41: 157.7 | X41: 134.8 | Y41: 143.3 | Z41: 143.6 | AA41: =SUM(Table1[[#This Row],[Cereals and products]:[Food and beverages]])/13 -> 138.78462 | AB41: =SUM(Table1[[#This Row],[Fuel and light]]) -> 147.8 | AC41: =SUM(Table1[[#This Row],[Transport and communication]]) -> 130.2 | AD41: =SUM(Table1[[#This Row],[Housing]],Table1[[#This Row],[Household goods and services]])/2 -> 149.5 | AE41: =SUM(Table1[[#This Row],[Health]]) -> 151.7 | AF41: =SUM(Table1[[#This Row],[Recreation and amusement]],Table1[[#This Row],[Education]])/2 -> 152.05 | AG41: =SUM(Table1[[#This Row],[Miscellaneous]],Table1[[#This Row],[Personal care and effects]])/2 -> 139.05
A42: Rural+Urban | B42: 2019 | C42: June | D42: 138.7 | E42: 162.1 | F42: 137.8 | G42: 143.3 | H42: 122.2 | I42: 146.8 | J42: 150.5 | K42: 128.3 | L42: 111 | M42: 140.6 | N42: 134.2 | O42: 155.9 | P42: 142.7 | Q42: 149.4 | R42: 141.2 | S42: 143.8 | T42: 147.4 | U42: 124.6 | V42: 139.6 | W42: 152.5 | X42: 134.3 | Y42: 138.6 | Z42: 142.9 | AA42: =SUM(Table1[[#This Row],[Cereals and products]:[Food and beverages]])/13 -> 139.54615 | AB42: =SUM(Table1[[#This Row],[Fuel and light]]) -> 141.2 | AC42: =SUM(Table1[[#This Row],[Transport and communication]]) -> 124.6 | AD42: =SUM(Table1[[#This Row],[Housing]],Table1[[#This Row],[Household goods and services]])/2 -> 146.6 | AE42: =SUM(Table1[[#This Row],[Health]]) -> 147.4 | AF42: =SUM(Table1[[#This Row],[Recreation and amusement]],Table1[[#This Row],[Education]])/2 -> 146.05 | AG42: =SUM(Table1[[#This Row],[Miscellaneous]],Table1[[#This Row],[Personal care and effects]])/2 -> 136.45
A43: Urban | B43: 2019 | C43: June | D43: 140.7 | E43: 159.6 | F43: 140.4 | G43: 143.4 | H43: 118.6 | I43: 150.9 | J43: 169.8 | K43: 127.4 | L43: 111.8 | M43: 141 | N43: 129 | O43: 155.1 | P43: 145.6 | Q43: 149.4 | R43: 130.5 | S43: 137.4 | T43: 140.3 | U43: 119.6 | V43: 134.3 | W43: 148.9 | X43: 133.7 | Y43: 133.6 | Z43: 142.1 | AA43: =SUM(Table1[[#This Row],[Cereals and products]:[Food and beverages]])/13 -> 141.02308 | AB43: =SUM(Table1[[#This Row],[Fuel and light]]) -> 130.5 | AC43: =SUM(Table1[[#This Row],[Transport and communication]]) -> 119.6 | AD43: =SUM(Table1[[#This Row],[Housing]],Table1[[#This Row],[Household goods and services]])/2 -> 143.4 | AE43: =SUM(Table1[[#This Row],[Health]]) -> 140.3 | AF43: =SUM(Table1[[#This Row],[Recreation and amusement]],Table1[[#This Row],[Education]])/2 -> 141.6 | AG43: =SUM(Table1[[#This Row],[Miscellaneous]],Table1[[#This Row],[Personal care and effects]])/2 -> 133.65
A44: Rural+Urban | B44: 2018 | C44: October | D44: 137.4 | E44: 149.5 | F44: 137.3 | G44: 141.9 | H44: 121.1 | I44: 142.5 | J44: 146.7 | K44: 119.1 | L44: 111.9 | M44: 141 | N44: 133.6 | O44: 154.5 | P44: 139.7 | Q44: 146.9 | R44: 145.3 | S44: 142.2 | T44: 142.1 | U44: 125.5 | V44: 136.5 | W44: 147.8 | X44: 132 | Y44: 136.3 | Z44: 140.8 | AA44: =SUM(Table1[[#This Row],[Cereals and products]:[Food and beverages]])/13 -> 136.63077 | AB44: =SUM(Table1[[#This Row],[Fuel and light]]) -> 145.3 | AC44: =SUM(Table1[[#This Row],[Transport and communication]]) -> 125.5 | AD44: =SUM(Table1[[#This Row],[Housing]],Table1[[#This Row],[Household goods and services]])/2 -> 144.55 | AE44: =SUM(Table1[[#This Row],[Health]]) -> 142.1 | AF44: =SUM(Table1[[#This Row],[Recreation and amusement]],Table1[[#This Row],[Education]])/2 -> 142.15 | AG44: =SUM(Table1[[#This Row],[Miscellaneous]],Table1[[#This Row],[Personal care and effects]])/2 -> 134.15
A45: Urban | B45: 2018 | C45: October | D45: 137.6 | E45: 144.9 | F45: 133.5 | G45: 141.5 | H45: 118 | I45: 139.5 | J45: 153 | K45: 113.2 | L45: 112.8 | M45: 141.1 | N45: 127.6 | O45: 152 | P45: 139.4 | Q45: 146.3 | R45: 133.4 | S45: 135.1 | T45: 136.2 | U45: 123.3 | V45: 130.7 | W45: 145.5 | X45: 130.4 | Y45: 132.5 | Z45: 138.9 | AA45: =SUM(Table1[[#This Row],[Cereals and products]:[Food and beverages]])/13 -> 134.93077 | AB45: =SUM(Table1[[#This Row],[Fuel and light]]) -> 133.4 | AC45: =SUM(Table1[[#This Row],[Transport and communication]]) -> 123.3 | AD45: =SUM(Table1[[#This Row],[Housing]],Table1[[#This Row],[Household goods and services]])/2 -> 140.7 | AE45: =SUM(Table1[[#This Row],[Health]]) -> 136.2 | AF45: =SUM(Table1[[#This Row],[Recreation and amusement]],Table1[[#This Row],[Education]])/2 -> 138.1 | AG45: =SUM(Table1[[#This Row],[Miscellaneous]],Table1[[#This Row],[Personal care and effects]])/2 -> 131.45
A46: Rural | B46: 2018 | C46: October | D46: 139.3 | E46: 147.6 | F46: 134.6 | G46: 141.9 | H46: 123.5 | I46: 144.5 | J46: 147.6 | K46: 121.4 | L46: 112.3 | M46: 139.5 | N46: 134.6 | O46: 155.2 | P46: 140.2 | Q46: 146.6 | R46: 149.7 | S46: 147.5 | T46: 144.8 | U46: 130.8 | V46: 140.1 | W46: 148 | X46: 134.4 | Y46: 139.8 | Z46: 142.2 | AA46: =SUM(Table1[[#This Row],[Cereals and products]:[Food and beverages]])/13 -> 137.09231 | AB46: =SUM(Table1[[#This Row],[Fuel and light]]) -> 149.7 | AC46: =SUM(Table1[[#This Row],[Transport and communication]]) -> 130.8 | AD46: =SUM(Table1[[#This Row],[Housing]],Table1[[#This Row],[Household goods and services]])/2 -> 147.05 | AE46: =SUM(Table1[[#This Row],[Health]]) -> 144.8 | AF46: =SUM(Table1[[#This Row],[Recreation and amusement]],Table1[[#This Row],[Education]])/2 -> 144.05 | AG46: =SUM(Table1[[#This Row],[Miscellaneous]],Table1[[#This Row],[Personal care and effects]])/2 -> 137.1
A47: Urban | B47: 2017 | C47: October | D47: 133.9 | E47: 142.8 | F47: 131.4 | G47: 139.1 | H47: 114.9 | I47: 135.6 | J47: 173.2 | K47: 124.1 | L47: 122.6 | M47: 137.8 | N47: 125.1 | O47: 145.5 | P47: 139.7 | Q47: 137.3 | R47: 122.6 | S47: 128.3 | T47: 126.6 | U47: 115 | V47: 124.8 | W47: 136.3 | X47: 124.6 | Y47: 124.5 | Z47: 133.5 | AA47: =SUM(Table1[[#This Row],[Cereals and products]:[Food and beverages]])/13 -> 135.82308 | AB47: =SUM(Table1[[#This Row],[Fuel and light]]) -> 122.6 | AC47: =SUM(Table1[[#This Row],[Transport and communication]]) -> 115 | AD47: =SUM(Table1[[#This Row],[Housing]],Table1[[#This Row],[Household goods and services]])/2 -> 132.8 | AE47: =SUM(Table1[[#This Row],[Health]]) -> 126.6 | AF47: =SUM(Table1[[#This Row],[Recreation and amusement]],Table1[[#This Row],[Education]])/2 -> 130.55 | AG47: =SUM(Table1[[#This Row],[Miscellaneous]],Table1[[#This Row],[Personal care and effects]])/2 -> 124.55
A48: Rural+Urban | B48: 2017 | C48: October | D48: 135.3 | E48: 142.2 | F48: 131.2 | G48: 140.6 | H48: 119 | I48: 141.5 | J48: 162.6 | K48: 132.3 | L48: 121.8 | M48: 136.3 | N48: 128.7 | O48: 148.1 | P48: 140.1 | Q48: 137.3 | R48: 132.2 | S48: 133.6 | T48: 131.3 | U48: 117.8 | V48: 128.4 | W48: 137.9 | X48: 126.2 | Y48: 127.7 | Z48: 136.1 | AA48: =SUM(Table1[[#This Row],[Cereals and products]:[Food and beverages]])/13 -> 136.9 | AB48: =SUM(Table1[[#This Row],[Fuel and light]]) -> 132.2 | AC48: =SUM(Table1[[#This Row],[Transport and communication]]) -> 117.8 | AD48: =SUM(Table1[[#This Row],[Housing]],Table1[[#This Row],[Household goods and services]])/2 -> 135.45 | AE48: =SUM(Table1[[#This Row],[Health]]) -> 131.3 | AF48: =SUM(Table1[[#This Row],[Recreation and amusement]],Table1[[#This Row],[Education]])/2 -> 133.15 | AG48: =SUM(Table1[[#This Row],[Miscellaneous]],Table1[[#This Row],[Personal care and effects]])/2 -> 126.95
A49: Rural | B49: 2017 | C49: October | D49: 135.9 | E49: 141.9 | F49: 131 | G49: 141.5 | H49: 121.4 | I49: 146.7 | J49: 157.1 | K49: 136.4 | L49: 121.4 | M49: 135.6 | N49: 131.3 | O49: 150.3 | P49: 140.4 | Q49: 137.3 | R49: 138.1 | S49: 138.4 | T49: 134.2 | U49: 121 | V49: 133 | W49: 140.1 | X49: 127.4 | Y49: 130.7 | Z49: 138.3 | AA49: =SUM(Table1[[#This Row],[Cereals and products]:[Food and beverages]])/13 -> 137.76154 | AB49: =SUM(Table1[[#This Row],[Fuel and light]]) -> 138.1 | AC49: =SUM(Table1[[#This Row],[Transport and communication]]) -> 121 | AD49: =SUM(Table1[[#This Row],[Housing]],Table1[[#This Row],[Household goods and services]])/2 -> 137.85 | AE49: =SUM(Table1[[#This Row],[Health]]) -> 134.2 | AF49: =SUM(Table1[[#This Row],[Recreation and amusement]],Table1[[#This Row],[Education]])/2 -> 136.55 | AG49: =SUM(Table1[[#This Row],[Miscellaneous]],Table1[[#This Row],[Personal care and effects]])/2 -> 129.05
A50: Urban | B50: 2016 | C50: October | D50: 128.7 | E50: 138.4 | F50: 130.3 | G50: 132.7 | H50: 112.5 | I50: 130.4 | J50: 155.1 | K50: 175.7 | L50: 115.4 | M50: 145.3 | N50: 122.5 | O50: 139.6 | P50: 136.3 | Q50: 128.7 | R50: 115.2 | S50: 124.5 | T50: 121.8 | U50: 112.8 | V50: 121.2 | W50: 131.9 | X50: 120.8 | Y50: 120.9 | Z50: 128.6 | AA50: =SUM(Table1[[#This Row],[Cereals and products]:[Food and beverages]])/13 -> 135.60769 | AB50: =SUM(Table1[[#This Row],[Fuel and light]]) -> 115.2 | AC50: =SUM(Table1[[#This Row],[Transport and communication]]) -> 112.8 | AD50: =SUM(Table1[[#This Row],[Housing]],Table1[[#This Row],[Household goods and services]])/2 -> 126.6 | AE50: =SUM(Table1[[#This Row],[Health]]) -> 121.8 | AF50: =SUM(Table1[[#This Row],[Recreation and amusement]],Table1[[#This Row],[Education]])/2 -> 126.55 | AG50: =SUM(Table1[[#This Row],[Miscellaneous]],Table1[[#This Row],[Personal care and effects]])/2 -> 120.85
A51: Rural+Urban | B51: 2016 | C51: October | D51: 130.5 | E51: 137.9 | F51: 130.2 | G51: 134.8 | H51: 117.8 | I51: 134.7 | J51: 151.2 | K51: 172.1 | L51: 114.1 | M51: 139.3 | N51: 126.1 | O51: 141.1 | P51: 137 | Q51: 128.7 | R51: 124.3 | S51: 128.4 | T51: 126.1 | U51: 115.2 | V51: 123.5 | W51: 132.4 | X51: 122.1 | Y51: 123.4 | Z51: 131.4 | AA51: =SUM(Table1[[#This Row],[Cereals and products]:[Food and beverages]])/13 -> 135.90769 | AB51: =SUM(Table1[[#This Row],[Fuel and light]]) -> 124.3 | AC51: =SUM(Table1[[#This Row],[Transport and communication]]) -> 115.2 | AD51: =SUM(Table1[[#This Row],[Housing]],Table1[[#This Row],[Household goods and services]])/2 -> 128.55 | AE51: =SUM(Table1[[#This Row],[Health]]) -> 126.1 | AF51: =SUM(Table1[[#This Row],[Recreation and amusement]],Table1[[#This Row],[Education]])/2 -> 127.95 | AG51: =SUM(Table1[[#This Row],[Miscellaneous]],Table1[[#This Row],[Personal care and effects]])/2 -> 122.75
A52: Rural | B52: 2016 | C52: October | D52: 131.3 | E52: 137.6 | F52: 130.1 | G52: 136 | H52: 120.8 | I52: 138.4 | J52: 149.2 | K52: 170.2 | L52: 113.4 | M52: 136.3 | N52: 128.7 | O52: 142.4 | P52: 137.4 | Q52: 128.7 | R52: 129.8 | S52: 131.8 | T52: 128.7 | U52: 117.8 | V52: 126.5 | W52: 133 | X52: 123 | Y52: 125.7 | Z52: 133.8 | AA52: =SUM(Table1[[#This Row],[Cereals and products]:[Food and beverages]])/13 -> 136.29231 | AB52: =SUM(Table1[[#This Row],[Fuel and light]]) -> 129.8 | AC52: =SUM(Table1[[#This Row],[Transport and communication]]) -> 117.8 | AD52: =SUM(Table1[[#This Row],[Housing]],Table1[[#This Row],[Household goods and services]])/2 -> 130.25 | AE52: =SUM(Table1[[#This Row],[Health]]) -> 128.7 | AF52: =SUM(Table1[[#This Row],[Recreation and amusement]],Table1[[#This Row],[Education]])/2 -> 129.75 | AG52: =SUM(Table1[[#This Row],[Miscellaneous]],Table1[[#This Row],[Personal care and effects]])/2 -> 124.35
A53: Urban | B53: 2015 | C53: October | D53: 123.6 | E53: 128.6 | F53: 115.9 | G53: 128.5 | H53: 109 | I53: 124.1 | J53: 165.8 | K53: 187.2 | L53: 89.4 | M53: 135.8 | N53: 119.4 | O53: 132.9 | P53: 132.6 | Q53: 122.4 | R53: 114.9 | S53: 120.7 | T53: 117.7 | U53: 109.3 | V53: 117.7 | W53: 126.5 | X53: 113.5 | Y53: 116.5 | Z53: 124.2 | AA53: =SUM(Table1[[#This Row],[Cereals and products]:[Food and beverages]])/13 -> 130.21538 | AB53: =SUM(Table1[[#This Row],[Fuel and light]]) -> 114.9 | AC53: =SUM(Table1[[#This Row],[Transport and communication]]) -> 109.3 | AD53: =SUM(Table1[[#This Row],[Housing]],Table1[[#This Row],[Household goods and services]])/2 -> 121.55 | AE53: =SUM(Table1[[#This Row],[Health]]) -> 117.7 | AF53: =SUM(Table1[[#This Row],[Recreation and amusement]],Table1[[#This Row],[Education]])/2 -> 122.1 | AG53: =SUM(Table1[[#This Row],[Miscellaneous]],Table1[[#This Row],[Personal care and effects]])/2 -> 115
... A65: Urban | B65: 2022 | C65: November | D65: 168.4 | E65: 213.4 | F65: 183.2 | G65: 172.3 | H65: 180 | I65: 162.6 | J65: 205.5 | K65: 171 | L65: 123.4 | M65: 198.8 | N65: 162.1 | O65: 192.4 | P65: 181.3 | Q65: 171.8 | R65: 180.3 | S65: 166.9 | T65: 175.8 | U65: 158.9 | V65: 166.7 | W65: 171.5 | X65: 173.8 | Y65: 167.4 | Z65: 174.1 | AA65: =SUM(Table1[[#This Row],[Cereals and products]:[Food and beverages]])/13 -> 178.03077 | AB65: =SUM(Table1[[#This Row],[Fuel and light]]) -> 180.3 | AC65: =SUM(Table1[[#This Row],[Transport and communication]]) -> 158.9 | AD65: =SUM(Table1[[#This Row],[Housing]],Table1[[#This Row],[Household goods and services]])/2 -> 169.35 | AE65: =SUM(Table1[[#This Row],[Health]]) -> 175.8 | AF65: =SUM(Table1[[#This Row],[Recreation and amusement]],Table1[[#This Row],[Education]])/2 -> 169.1 | AG65: =SUM(Table1[[#This Row],[Miscellaneous]],Table1[[#This Row],[Personal care and effects]])/2 -> 170.6
A66: Rural | B66: 2019 | C66: March | D66: 136.9 | E66: 154.1 | F66: 138.7 | G66: 142.5 | H66: 124.1 | I66: 136.1 | J66: 128.2 | K66: 122.3 | L66: 108.3 | M66: 138.9 | N66: 137.4 | O66: 156.4 | P66: 137.3 | Q66: =AVERAGE(Q67:Q68) -> 149 | R66: 146.4 | S66: 150 | T66: 150.4 | U66: 129.9 | V66: 143.8 | W66: 155.5 | X66: 134 | Y66: 142.4 | Z66: 141.2 | AA66: =SUM(Table1[[#This Row],[Cereals and products]:[Food and beverages]])/13 -> 135.47692 | AB66: =SUM(Table1[[#This Row],[Fuel and light]]) -> 146.4 | AC66: =SUM(Table1[[#This Row],[Transport and communication]]) -> 129.9 | AD66: =SUM(Table1[[#This Row],[Housing]],Table1[[#This Row],[Household goods and services]])/2 -> 149.5 | AE66: =SUM(Table1[[#This Row],[Health]]) -> 150.4 | AF66: =SUM(Table1[[#This Row],[Recreation and amusement]],Table1[[#This Row],[Education]])/2 -> 149.65 | AG66: =SUM(Table1[[#This Row],[Miscellaneous]],Table1[[#This Row],[Personal care and effects]])/2 -> 138.2
A67: Rural+Urban | B67: 2019 | C67: March | D67: 137.8 | E67: 153 | F67: 140.3 | G67: 142.3 | H67: 122 | I67: 137.6 | J67: 132.6 | K67: 121.8 | L67: 109 | M67: 139.5 | N67: 133.7 | O67: 155.2 | P67: 138.1 | Q67: 149 | R67: 139.7 | S67: 143.8 | T67: 146.2 | U67: 124.6 | V67: 137.7 | W67: 150.3 | X67: 133.4 | Y67: 137.7 | Z67: 140.4 | AA67: =SUM(Table1[[#This Row],[Cereals and products]:[Food and beverages]])/13 -> 135.60769 | AB67: =SUM(Table1[[#This Row],[Fuel and light]]) -> 139.7 | AC67: =SUM(Table1[[#This Row],[Transport and communication]]) -> 124.6 | AD67: =SUM(Table1[[#This Row],[Housing]],Table1[[#This Row],[Household goods and services]])/2 -> 146.4 | AE67: =SUM(Table1[[#This Row],[Health]]) -> 146.2 | AF67: =SUM(Table1[[#This Row],[Recreation and amusement]],Table1[[#This Row],[Education]])/2 -> 144 | AG67: =SUM(Table1[[#This Row],[Miscellaneous]],Table1[[#This Row],[Personal care and effects]])/2 -> 135.55
A68: Urban | B68: 2019 | C68: March | D68: 139.7 | E68: 151.1 | F68: 142.9 | G68: 141.9 | H68: 118.4 | I68: 139.4 | J68: 141.2 | K68: 120.7 | L68: 110.4 | M68: 140.7 | N68: 128.5 | O68: 153.9 | P68: 139.6 | Q68: 149 | R68: 128.8 | S68: 136.8 | T68: 139.2 | U68: 119.9 | V68: 133 | W68: 146.7 | X68: 132.5 | Y68: 132.8 | Z68: 139.5 | AA68: =SUM(Table1[[#This Row],[Cereals and products]:[Food and beverages]])/13 -> 136.03077 | AB68: =SUM(Table1[[#This Row],[Fuel and light]]) -> 128.8 | AC68: =SUM(Table1[[#This Row],[Transport and communication]]) -> 119.9 | AD68: =SUM(Table1[[#This Row],[Housing]],Table1[[#This Row],[Household goods and services]])/2 -> 142.9 | AE68: =SUM(Table1[[#This Row],[Health]]) -> 139.2 | AF68: =SUM(Table1[[#This Row],[Recreation and amusement]],Table1[[#This Row],[Education]])/2 -> 139.85 | AG68: =SUM(Table1[[#This Row],[Miscellaneous]],Table1[[#This Row],[Personal care and effects]])/2 -> 132.65
A69: Rural | B69: 2019 | C69: May | D69: 137.4 | E69: 159.5 | F69: 134.5 | G69: 142.6 | H69: 124 | I69: 143.7 | J69: 133.4 | K69: 125.1 | L69: 109.3 | M69: 139.3 | N69: 137.7 | O69: 156.4 | P69: 139.2 | Q69: 150.1 | R69: 146.9 | S69: 149.5 | T69: 151.3 | U69: 130.2 | V69: 145.9 | W69: 156.7 | X69: 133.9 | Y69: 142.9 | Z69: 142.4 | AA69: =SUM(Table1[[#This Row],[Cereals and products]:[Food and beverages]])/13 -> 137.08462 | AB69: =SUM(Table1[[#This Row],[Fuel and light]]) -> 146.9 | AC69: =SUM(Table1[[#This Row],[Transport and communication]]) -> 130.2 | AD69: =SUM(Table1[[#This Row],[Housing]],Table1[[#This Row],[Household goods and services]])/2 -> 149.8 | AE69: =SUM(Table1[[#This Row],[Health]]) -> 151.3 | AF69: =SUM(Table1[[#This Row],[Recreation and amusement]],Table1[[#This Row],[Education]])/2 -> 151.3 | AG69: =SUM(Table1[[#This Row],[Miscellaneous]],Table1[[#This Row],[Personal care and effects]])/2 -> 138.4
A70: Rural+Urban | B70: 2019 | C70: May | D70: 138.3 | E70: 158.5 | F70: 136 | G70: 142.5 | H70: 122 | I70: 146.5 | J70: 143 | K70: 124.9 | L70: 109.9 | M70: 139.9 | N70: 134 | O70: 155.5 | P70: 140.9 | Q70: 150.1 | R70: 140.3 | S70: 143.7 | T70: 146.9 | U70: 124.9 | V70: 139.2 | W70: 151.6 | X70: 133.4 | Y70: 138.2 | Z70: 142 | AA70: =SUM(Table1[[#This Row],[Cereals and products]:[Food and beverages]])/13 -> 137.83846 | AB70: =SUM(Table1[[#This Row],[Fuel and light]]) -> 140.3 | AC70: =SUM(Table1[[#This Row],[Transport and communication]]) -> 124.9 | AD70: =SUM(Table1[[#This Row],[Housing]],Table1[[#This Row],[Household goods and services]])/2 -> 146.9 | AE70: =SUM(Table1[[#This Row],[Health]]) -> 146.9 | AF70: =SUM(Table1[[#This Row],[Recreation and amusement]],Table1[[#This Row],[Education]])/2 -> 145.4 | AG70: =SUM(Table1[[#This Row],[Miscellaneous]],Table1[[#This Row],[Personal care and effects]])/2 -> 135.8
A71: Urban | B71: 2019 | C71: May | D71: 140.4 | E71: 156.7 | F71: 138.3 | G71: 142.4 | H71: 118.6 | I71: 149.7 | J71: 161.6 | K71: 124.4 | L71: 111.2 | M71: 141 | N71: 128.9 | O71: 154.5 | P71: 143.8 | Q71: 150.1 | R71: 129.4 | S71: 137.2 | T71: 139.8 | U71: 120.1 | V71: 134 | W71: 148 | X71: 132.6 | Y71: 133.3 | Z71: 141.5 | AA71: =SUM(Table1[[#This Row],[Cereals and products]:[Food and beverages]])/13 -> 139.34615 | AB71: =SUM(Table1[[#This Row],[Fuel and light]]) -> 129.4 | AC71: =SUM(Table1[[#This Row],[Transport and communication]]) -> 120.1 | AD71: =SUM(Table1[[#This Row],[Housing]],Table1[[#This Row],[Household goods and services]])/2 -> 143.65 | AE71: =SUM(Table1[[#This Row],[Health]]) -> 139.8 | AF71: =SUM(Table1[[#This Row],[Recreation and amusement]],Table1[[#This Row],[Education]])/2 -> 141 | AG71: =SUM(Table1[[#This Row],[Miscellaneous]],Table1[[#This Row],[Personal care and effects]])/2 -> 132.95
A72: Rural | B72: 2019 | C72: November | D72: 141.8 | E72: 163.7 | F72: 143.8 | G72: 147.1 | H72: 126 | I72: 146.2 | J72: 191.4 | K72: 136.2 | L72: 113.8 | M72: 147.3 | N72: 138.7 | O72: 157.7 | P72: 150.9 | Q72: 146.9 | R72: 148.4 | S72: 150.9 | T72: 154.3 | U72: 132.1 | V72: 149.1 | W72: 160.8 | X72: 140.6 | Y72: 146.1 | Z72: 149.9 | AA72: =SUM(Table1[[#This Row],[Cereals and products]:[Food and beverages]])/13 -> 146.50769 | AB72: =SUM(Table1[[#This Row],[Fuel and light]]) -> 148.4 | AC72: =SUM(Table1[[#This Row],[Transport and communication]]) -> 132.1 | AD72: =SUM(Table1[[#This Row],[Housing]],Table1[[#This Row],[Household goods and services]])/2 -> 148.9 | AE72: =SUM(Table1[[#This Row],[Health]]) -> 154.3 | AF72: =SUM(Table1[[#This Row],[Recreation and amusement]],Table1[[#This Row],[Education]])/2 -> 154.95 | AG72: =SUM(Table1[[#This Row],[Miscellaneous]],Table1[[#This Row],[Personal care and effects]])/2 -> 143.35
A73: Rural+Urban | B73: 2019 | C73: November | D73: 142.5 | E73: 163.2 | F73: 145.6 | G73: 146.7 | H73: 124.3 | I73: 147.4 | J73: 199.6 | K73: 135.7 | L73: 114.2 | M73: 147 | N73: 135.3 | O73: 157.5 | P73: 151.9 | Q73: 153.5 | R73: 142.3 | S73: 145.3 | T73: 149.9 | U73: 126.6 | V73: 142.1 | W73: 155.5 | X73: 140.3 | Y73: 141.3 | Z73: 148.6 | AA73: =SUM(Table1[[#This Row],[Cereals and products]:[Food and beverages]])/13 -> 146.99231 | AB73: =SUM(Table1[[#This Row],[Fuel and light]]) -> 142.3 | AC73: =SUM(Table1[[#This Row],[Transport and communication]]) -> 126.6 | AD73: =SUM(Table1[[#This Row],[Housing]],Table1[[#This Row],[Household goods and services]])/2 -> 149.4 | AE73: =SUM(Table1[[#This Row],[Health]]) -> 149.9 | AF73: =SUM(Table1[[#This Row],[Recreation and amusement]],Table1[[#This Row],[Education]])/2 -> 148.8 | AG73: =SUM(Table1[[#This Row],[Miscellaneous]],Table1[[#This Row],[Personal care and effects]])/2 -> 140.8
A74: Urban | B74: 2019 | C74: November | D74: 144.1 | E74: 162.4 | F74: 148.4 | G74: 145.9 | H74: 121.5 | I74: 148.8 | J74: 215.7 | K74: 134.6 | L74: 115 | M74: 146.3 | N74: 130.5 | O74: 157.2 | P74: 153.6 | Q74: 153.5 | R74: 132.2 | S74: 139.1 | T74: 142.8 | U74: 121.7 | V74: 136.7 | W74: 151.8 | X74: 139.8 | Y74: 136.3 | Z74: 147 | AA74: =SUM(Table1[[#This Row],[Cereals and products]:[Food and beverages]])/13 -> 148 | AB74: =SUM(Table1[[#This Row],[Fuel and light]]) -> 132.2 | AC74: =SUM(Table1[[#This Row],[Transport and communication]]) -> 121.7 | AD74: =SUM(Table1[[#This Row],[Housing]],Table1[[#This Row],[Household goods and services]])/2 -> 146.3 | AE74: =SUM(Table1[[#This Row],[Health]]) -> 142.8 | AF74: =SUM(Table1[[#This Row],[Recreation and amusement]],Table1[[#This Row],[Education]])/2 -> 144.25 | AG74: =SUM(Table1[[#This Row],[Miscellaneous]],Table1[[#This Row],[Personal care and effects]])/2 -> 138.05
A75: Rural | B75: 2018 | C75: November | D75: 137.1 | E75: 150.8 | F75: 136.7 | G75: 141.9 | H75: 122.8 | I75: 143.9 | J75: 147.5 | K75: 121 | L75: 111.6 | M75: 140.6 | N75: 137.5 | O75: 156.1 | P75: 140 | Q75: 138.6 | R75: 150.3 | S75: 148 | T75: 145.4 | U75: 130.3 | V75: 143.1 | W75: 150.2 | X75: 133.1 | Y75: 140.1 | Z75: 142.4 | AA75: =SUM(Table1[[#This Row],[Cereals and products]:[Food and beverages]])/13 -> 137.5 | AB75: =SUM(Table1[[#This Row],[Fuel and light]]) -> 150.3 | AC75: =SUM(Table1[[#This Row],[Transport and communication]]) -> 130.3 | AD75: =SUM(Table1[[#This Row],[Housing]],Table1[[#This Row],[Household goods and services]])/2 -> 143.3 | AE75: =SUM(Table1[[#This Row],[Health]]) -> 145.4 | AF75: =SUM(Table1[[#This Row],[Recreation and amusement]],Table1[[#This Row],[Education]])/2 -> 146.65 | AG75: =SUM(Table1[[#This Row],[Miscellaneous]],Table1[[#This Row],[Personal care and effects]])/2 -> 136.6
A76: Rural+Urban | B76: 2018 | C76: November | D76: 137.4 | E76: 149.2 | F76: 137.1 | G76: 141.8 | H76: 121.1 | I76: 142.8 | J76: 146.7 | K76: 119.1 | L76: 111.9 | M76: 140.9 | N76: 133.5 | O76: 154.5 | P76: 139.7 | Q76: 146.9 | R76: 145.1 | S76: 142.2 | T76: 142.1 | U76: 125.5 | V76: 136.5 | W76: 147.8 | X76: 132 | Y76: 136.3 | Z76: 140.8 | AA76: =SUM(Table1[[#This Row],[Cereals and products]:[Food and beverages]])/13 -> 136.59231 | AB76: =SUM(Table1[[#This Row],[Fuel and light]]) -> 145.1 | AC76: =SUM(Table1[[#This Row],[Transport and communication]]) -> 125.5 | AD76: =SUM(Table1[[#This Row],[Housing]],Table1[[#This Row],[Household goods and services]])/2 -> 144.55 | AE76: =SUM(Table1[[#This Row],[Health]]) -> 142.1 | AF76: =SUM(Table1[[#This Row],[Recreation and amusement]],Table1[[#This Row],[Education]])/2 -> 142.15 | AG76: =SUM(Table1[[#This Row],[Miscellaneous]],Table1[[#This Row],[Personal care and effects]])/2 -> 134.15
A77: Urban | B77: 2018 | C77: November | D77: 138.1 | E77: 146.3 | F77: 137.8 | G77: 141.6 | H77: 118.1 | I77: 141.5 | J77: 145.2 | K77: 115.3 | L77: 112.5 | M77: 141.4 | N77: 128 | O77: 152.6 | P77: 139.1 | Q77: 146.9 | R77: 136.7 | S77: 135.8 | T77: 136.8 | U77: 121.2 | V77: 131.3 | W77: 146.1 | X77: 130.5 | Y77: 132.2 | Z77: 139 | AA77: =SUM(Table1[[#This Row],[Cereals and products]:[Food and beverages]])/13 -> 135.19231 | AB77: =SUM(Table1[[#This Row],[Fuel and light]]) -> 136.7 | AC77: =SUM(Table1[[#This Row],[Transport and communication]]) -> 121.2 | AD77: =SUM(Table1[[#This Row],[Housing]],Table1[[#This Row],[Household goods and services]])/2 -> 141.35 | AE77: =SUM(Table1[[#This Row],[Health]]) -> 136.8 | AF77: =SUM(Table1[[#This Row],[Recreation and amusement]],Table1[[#This Row],[Education]])/2 -> 138.7 | AG77: =SUM(Table1[[#This Row],[Miscellaneous]],Table1[[#This Row],[Personal care and effects]])/2 -> 131.35
A78: Urban | B78: 2017 | C78: November | D78: 134.3 | E78: 142.1 | F78: 146.7 | G78: 139.5 | H78: 115.2 | I78: 136.4 | J78: 185.2 | K78: 122.2 | L78: 123.9 | M78: 138.3 | N78: 125.4 | O78: 146 | P78: 141.5 | Q78: 138.6 | R78: 125.7 | S78: 128.8 | T78: 127.4 | U78: 115.3 | V78: 125.1 | W78: 136.6 | X78: 124.9 | Y78: 124.9 | Z78: 134.8 | AA78: =SUM(Table1[[#This Row],[Cereals and products]:[Food and beverages]])/13 -> 138.20769 | AB78: =SUM(Table1[[#This Row],[Fuel and light]]) -> 125.7 | AC78: =SUM(Table1[[#This Row],[Transport and communication]]) -> 115.3 | AD78: =SUM(Table1[[#This Row],[Housing]],Table1[[#This Row],[Household goods and services]])/2 -> 133.7 | AE78: =SUM(Table1[[#This Row],[Health]]) -> 127.4 | AF78: =SUM(Table1[[#This Row],[Recreation and amusement]],Table1[[#This Row],[Education]])/2 -> 130.85 | AG78: =SUM(Table1[[#This Row],[Miscellaneous]],Table1[[#This Row],[Personal care and effects]])/2 -> 124.9
... A91: Urban | B91: 2013 | C91: November | D91: 119.8 | E91: 116.3 | F91: 122.6 | G91: 112 | H91: 103.2 | I91: 110 | J91: 192.8 | K91: 106.3 | L91: 99.5 | M91: 110.3 | N91: 111.8 | O91: 117.1 | P91: 122.9 | Q91: 111.1 | R91: 110 | S91: 110.9 | T91: 108.6 | U91: 109.5 | V91: 108.5 | W91: 111.3 | X91: 107.9 | Y91: 109.6 | Z91: 115 | AA91: =SUM(Table1[[#This Row],[Cereals and products]:[Food and beverages]])/13 -> 118.81538 | AB91: =SUM(Table1[[#This Row],[Fuel and light]]) -> 110 | AC91: =SUM(Table1[[#This Row],[Transport and communication]]) -> 109.5 | AD91: =SUM(Table1[[#This Row],[Housing]],Table1[[#This Row],[Household goods and services]])/2 -> 111 | AE91: =SUM(Table1[[#This Row],[Health]]) -> 108.6 | AF91: =SUM(Table1[[#This Row],[Recreation and amusement]],Table1[[#This Row],[Education]])/2 -> 109.9 | AG91: =SUM(Table1[[#This Row],[Miscellaneous]],Table1[[#This Row],[Personal care and effects]])/2 -> 108.75
A92: Rural | B92: 2023 | C92: May | D92: 173.2 | E92: 211.5 | F92: 171 | G92: 179.6 | H92: 173.3 | I92: 169 | J92: 148.7 | K92: 174.9 | L92: 121.9 | M92: 221 | N92: 178.7 | O92: 191.1 | P92: 176.8 | Q92: =AVERAGE(Q93:Q94) -> 175.6 | R92: 182.5 | S92: 179.8 | T92: 187.8 | U92: 169.7 | V92: 173.8 | W92: 180.3 | X92: 184.9 | Y92: 179.5 | Z92: 179.8 | AA92: =SUM(Table1[[#This Row],[Cereals and products]:[Food and beverages]])/13 -> 176.20769 | AB92: =SUM(Table1[[#This Row],[Fuel and light]]) -> 182.5 | AC92: =SUM(Table1[[#This Row],[Transport and communication]]) -> 169.7 | AD92: =SUM(Table1[[#This Row],[Housing]],Table1[[#This Row],[Household goods and services]])/2 -> 177.7 | AE92: =SUM(Table1[[#This Row],[Health]]) -> 187.8 | AF92: =SUM(Table1[[#This Row],[Recreation and amusement]],Table1[[#This Row],[Education]])/2 -> 177.05 | AG92: =SUM(Table1[[#This Row],[Miscellaneous]],Table1[[#This Row],[Personal care and effects]])/2 -> 182.2
A93: Rural+Urban | B93: 2023 | C93: May | D93: 173.7 | E93: 214.3 | F93: 173.2 | G93: 179.5 | H93: 170 | I93: 172.2 | J93: 161 | K93: 175.6 | L93: 122.7 | M93: 218 | N93: 173.4 | O93: 194.2 | P93: 179.1 | Q93: 175.6 | R93: 182.8 | S93: 175.2 | T93: 185.7 | U93: 164.8 | V93: 171.2 | W93: 177.1 | X93: 185.2 | Y93: 175.7 | Z93: 179.1 | AA93: =SUM(Table1[[#This Row],[Cereals and products]:[Food and beverages]])/13 -> 177.45385 | AB93: =SUM(Table1[[#This Row],[Fuel and light]]) -> 182.8 | AC93: =SUM(Table1[[#This Row],[Transport and communication]]) -> 164.8 | AD93: =SUM(Table1[[#This Row],[Housing]],Table1[[#This Row],[Household goods and services]])/2 -> 175.4 | AE93: =SUM(Table1[[#This Row],[Health]]) -> 185.7 | AF93: =SUM(Table1[[#This Row],[Recreation and amusement]],Table1[[#This Row],[Education]])/2 -> 174.15 | AG93: =SUM(Table1[[#This Row],[Miscellaneous]],Table1[[#This Row],[Personal care and effects]])/2 -> 180.45
A94: Urban | B94: 2023 | C94: May | D94: 174.7 | E94: 219.4 | F94: 176.7 | G94: 179.4 | H94: 164.4 | I94: 175.8 | J94: 185 | K94: 176.9 | L94: 124.2 | M94: 211.9 | N94: 165.9 | O94: 197.7 | P94: 183.1 | Q94: 175.6 | R94: 183.4 | S94: 170.1 | T94: 182.2 | U94: 160.4 | V94: 169.2 | W94: 174.8 | X94: 185.6 | Y94: 171.6 | Z94: 178.2 | AA94: =SUM(Table1[[#This Row],[Cereals and products]:[Food and beverages]])/13 -> 179.62308 | AB94: =SUM(Table1[[#This Row],[Fuel and light]]) -> 183.4 | AC94: =SUM(Table1[[#This Row],[Transport and communication]]) -> 160.4 | AD94: =SUM(Table1[[#This Row],[Housing]],Table1[[#This Row],[Household goods and services]])/2 -> 172.85 | AE94: =SUM(Table1[[#This Row],[Health]]) -> 182.2 | AF94: =SUM(Table1[[#This Row],[Recreation and amusement]],Table1[[#This Row],[Education]])/2 -> 172 | AG94: =SUM(Table1[[#This Row],[Miscellaneous]],Table1[[#This Row],[Personal care and effects]])/2 -> 178.6
A95: Rural | B95: 2022 | C95: May | D95: 152.9 | E95: 214.7 | F95: 161.4 | G95: 164.6 | H95: 209.9 | I95: 168 | J95: 160.4 | K95: 165 | L95: 118.9 | M95: 186.6 | N95: 173.2 | O95: 180.4 | P95: 170.8 | Q95: =AVERAGE(Q96:Q97) -> 167.5 | R95: 175.3 | S95: 168.9 | T95: 177.7 | U95: 167.1 | V95: 167.6 | W95: 171.8 | X95: 168.5 | Y95: 170.9 | Z95: 172.5 | AA95: =SUM(Table1[[#This Row],[Cereals and products]:[Food and beverages]])/13 -> 171.29231 | AB95: =SUM(Table1[[#This Row],[Fuel and light]]) -> 175.3 | AC95: =SUM(Table1[[#This Row],[Transport and communication]]) -> 167.1 | AD95: =SUM(Table1[[#This Row],[Housing]],Table1[[#This Row],[Household goods and services]])/2 -> 168.2 | AE95: =SUM(Table1[[#This Row],[Health]]) -> 177.7 | AF95: =SUM(Table1[[#This Row],[Recreation and amusement]],Table1[[#This Row],[Education]])/2 -> 169.7 | AG95: =SUM(Table1[[#This Row],[Miscellaneous]],Table1[[#This Row],[Personal care and effects]])/2 -> 169.7
A96: Rural+Urban | B96: 2022 | C96: May | D96: 154.1 | E96: 217 | F96: 162.4 | G96: 164.9 | H96: 202.4 | I96: 171 | J96: 174.9 | K96: 164.7 | L96: 119.7 | M96: 184.9 | N96: 167.1 | O96: 182.5 | P96: 173.3 | Q96: 167.5 | R96: 174.6 | S96: 165.2 | T96: 174.8 | U96: 163 | V96: 165.1 | W96: 167.9 | X96: 168.4 | Y96: 167.5 | Z96: 171.7 | AA96: =SUM(Table1[[#This Row],[Cereals and products]:[Food and beverages]])/13 -> 172.22308 | AB96: =SUM(Table1[[#This Row],[Fuel and light]]) -> 174.6 | AC96: =SUM(Table1[[#This Row],[Transport and communication]]) -> 163 | AD96: =SUM(Table1[[#This Row],[Housing]],Table1[[#This Row],[Household goods and services]])/2 -> 166.35 | AE96: =SUM(Table1[[#This Row],[Health]]) -> 174.8 | AF96: =SUM(Table1[[#This Row],[Recreation and amusement]],Table1[[#This Row],[Education]])/2 -> 166.5 | AG96: =SUM(Table1[[#This Row],[Miscellaneous]],Table1[[#This Row],[Personal care and effects]])/2 -> 167.95
A97: Urban | B97: 2022 | C97: May | D97: 156.7 | E97: 221.2 | F97: 164.1 | G97: 165.4 | H97: 189.5 | I97: 174.5 | J97: 203.2 | K97: 164.1 | L97: 121.2 | M97: 181.4 | N97: 158.5 | O97: 184.9 | P97: 177.5 | Q97: 167.5 | R97: 173.5 | S97: 161.1 | T97: 170.1 | U97: 159.4 | V97: 163.2 | W97: 165.2 | X97: 168.2 | Y97: 163.8 | Z97: 170.8 | AA97: =SUM(Table1[[#This Row],[Cereals and products]:[Food and beverages]])/13 -> 174.01538 | AB97: =SUM(Table1[[#This Row],[Fuel and light]]) -> 173.5 | AC97: =SUM(Table1[[#This Row],[Transport and communication]]) -> 159.4 | AD97: =SUM(Table1[[#This Row],[Housing]],Table1[[#This Row],[Household goods and services]])/2 -> 164.3 | AE97: =SUM(Table1[[#This Row],[Health]]) -> 170.1 | AF97: =SUM(Table1[[#This Row],[Recreation and amusement]],Table1[[#This Row],[Education]])/2 -> 164.2 | AG97: =SUM(Table1[[#This Row],[Miscellaneous]],Table1[[#This Row],[Personal care and effects]])/2 -> 166
A98: Rural | B98: 2019 | C98: October | D98: 141 | E98: 161.6 | F98: 141.2 | G98: 146.5 | H98: 125.6 | I98: 145.7 | J98: 178.8 | K98: 133.1 | L98: 113.6 | M98: 145.5 | N98: 138.6 | O98: 157.4 | P98: 148.3 | Q98: 146.45 | R98: 147.7 | S98: 150.6 | T98: 153.7 | U98: 131.7 | V98: 148.7 | W98: 160.7 | X98: 140.3 | Y98: 145.7 | Z98: 148.3 | AA98: =SUM(Table1[[#This Row],[Cereals and products]:[Food and beverages]])/13 -> 144.37692 | AB98: =SUM(Table1[[#This Row],[Fuel and light]]) -> 147.7 | AC98: =SUM(Table1[[#This Row],[Transport and communication]]) -> 131.7 | AD98: =SUM(Table1[[#This Row],[Housing]],Table1[[#This Row],[Household goods and services]])/2 -> 148.525 | AE98: =SUM(Table1[[#This Row],[Health]]) -> 153.7 | AF98: =SUM(Table1[[#This Row],[Recreation and amusement]],Table1[[#This Row],[Education]])/2 -> 154.7 | AG98: =SUM(Table1[[#This Row],[Miscellaneous]],Table1[[#This Row],[Personal care and effects]])/2 -> 143
A99: Rural+Urban | B99: 2019 | C99: October | D99: 141.8 | E99: 161 | F99: 142.6 | G99: 146.2 | H99: 123.9 | I99: 148 | J99: 188.4 | K99: 132.5 | L99: 114 | M99: 145.4 | N99: 135.1 | O99: 157.1 | P99: 149.6 | Q99: 153 | R99: 140.6 | S99: 145 | T99: 149.4 | U99: 126.3 | V99: 141.7 | W99: 155.4 | X99: 140 | Y99: 141 | Z99: 147.2 | AA99: =SUM(Table1[[#This Row],[Cereals and products]:[Food and beverages]])/13 -> 145.04615 | AB99: =SUM(Table1[[#This Row],[Fuel and light]]) -> 140.6 | AC99: =SUM(Table1[[#This Row],[Transport and communication]]) -> 126.3 | AD99: =SUM(Table1[[#This Row],[Housing]],Table1[[#This Row],[Household goods and services]])/2 -> 149 | AE99: =SUM(Table1[[#This Row],[Health]]) -> 149.4 | AF99: =SUM(Table1[[#This Row],[Recreation and amusement]],Table1[[#This Row],[Education]])/2 -> 148.55 | AG99: =SUM(Table1[[#This Row],[Miscellaneous]],Table1[[#This Row],[Personal care and effects]])/2 -> 140.5
A100: Urban | B100: 2019 | C100: October | D100: 143.5 | E100: 159.8 | F100: 144.7 | G100: 145.6 | H100: 121.1 | I100: 150.6 | J100: 207.2 | K100: 131.2 | L100: 114.8 | M100: 145.2 | N100: 130.2 | O100: 156.8 | P100: 151.9 | Q100: 153 | R100: 128.9 | S100: 138.7 | T100: 142.4 | U100: 121.5 | V100: 136.2 | W100: 151.7 | X100: 139.5 | Y100: 136 | Z100: 146 | AA100: =SUM(Table1[[#This Row],[Cereals and products]:[Food and beverages]])/13 -> 146.35385 | AB100: =SUM(Table1[[#This Row],[Fuel and light]]) -> 128.9 | AC100: =SUM(Table1[[#This Row],[Transport and communication]]) -> 121.5 | AD100: =SUM(Table1[[#This Row],[Housing]],Table1[[#This Row],[Household goods and services]])/2 -> 145.85 | AE100: =SUM(Table1[[#This Row],[Health]]) -> 142.4 | AF100: =SUM(Table1[[#This Row],[Recreation and amusement]],Table1[[#This Row],[Education]])/2 -> 143.95 | AG100: =SUM(Table1[[#This Row],[Miscellaneous]],Table1[[#This Row],[Personal care and effects]])/2 -> 137.75
A101: Rural | B101: 2019 | C101: September | D101: 140.1 | E101: 161.9 | F101: 138.3 | G101: 145.7 | H101: 125.1 | I101: 143.8 | J101: 163.4 | K101: 132.2 | L101: 112.8 | M101: 144.2 | N101: 138.5 | O101: 157.2 | P101: 145.5 | Q101: 145.3 | R101: 146.9 | S101: 150.3 | T101: 153.4 | U101: 131.6 | V101: 148.3 | W101: 160.2 | X101: 140.2 | Y101: 145.4 | Z101: 146.7 | AA101: =SUM(Table1[[#This Row],[Cereals and products]:[Food and beverages]])/13 -> 142.20769 | AB101: =SUM(Table1[[#This Row],[Fuel and light]]) -> 146.9 | AC101: =SUM(Table1[[#This Row],[Transport and communication]]) -> 131.6 | AD101: =SUM(Table1[[#This Row],[Housing]],Table1[[#This Row],[Household goods and services]])/2 -> 147.8 | AE101: =SUM(Table1[[#This Row],[Health]]) -> 153.4 | AF101: =SUM(Table1[[#This Row],[Recreation and amusement]],Table1[[#This Row],[Education]])/2 -> 154.25 | AG101: =SUM(Table1[[#This Row],[Miscellaneous]],Table1[[#This Row],[Personal care and effects]])/2 -> 142.8
A102: Rural+Urban | B102: 2019 | C102: September | D102: 140.9 | E102: 160.8 | F102: 139.6 | G102: 145.4 | H102: 123.5 | I102: 146.6 | J102: 173.2 | K102: 131.6 | L102: 113.2 | M102: 144.1 | N102: 135 | O102: 156.8 | P102: 147 | Q102: 152.2 | R102: 139.2 | S102: 144.6 | T102: 149 | U102: 126.1 | V102: 141.3 | W102: 155.2 | X102: 139.7 | Y102: 140.7 | Z102: 145.8 | AA102: =SUM(Table1[[#This Row],[Cereals and products]:[Food and beverages]])/13 -> 142.9 | AB102: =SUM(Table1[[#This Row],[Fuel and light]]) -> 139.2 | AC102: =SUM(Table1[[#This Row],[Transport and communication]]) -> 126.1 | AD102: =SUM(Table1[[#This Row],[Housing]],Table1[[#This Row],[Household goods and services]])/2 -> 148.4 | AE102: =SUM(Table1[[#This Row],[Health]]) -> 149 | AF102: =SUM(Table1[[#This Row],[Recreation and amusement]],Table1[[#This Row],[Education]])/2 -> 148.25 | AG102: =SUM(Table1[[#This Row],[Miscellaneous]],Table1[[#This Row],[Personal care and effects]])/2 -> 140.2
A103: Urban | B103: 2019 | C103: September | D103: 142.7 | E103: 158.7 | F103: 141.6 | G103: 144.9 | H103: 120.8 | I103: 149.8 | J103: 192.4 | K103: 130.3 | L103: 114 | M103: 143.8 | N103: 130 | O103: 156.4 | P103: 149.5 | Q103: 152.2 | R103: 126.6 | S103: 138.3 | T103: 141.9 | U103: 121.2 | V103: 135.9 | W103: 151.6 | X103: 139 | Y103: 135.7 | Z103: 144.7 | AA103: =SUM(Table1[[#This Row],[Cereals and products]:[Food and beverages]])/13 -> 144.22308 | AB103: =SUM(Table1[[#This Row],[Fuel and light]]) -> 126.6 | AC103: =SUM(Table1[[#This Row],[Transport and communication]]) -> 121.2 | AD103: =SUM(Table1[[#This Row],[Housing]],Table1[[#This Row],[Household goods and services]])/2 -> 145.25 | AE103: =SUM(Table1[[#This Row],[Health]]) -> 141.9 | AF103: =SUM(Table1[[#This Row],[Recreation and amusement]],Table1[[#This Row],[Education]])/2 -> 143.75 | AG103: =SUM(Table1[[#This Row],[Miscellaneous]],Table1[[#This Row],[Personal care and effects]])/2 -> 137.35
A104: Rural | B104: 2020 | C104: April | D104: 147.2 | E104: 144.5 | F104: 146.9 | G104: 155.6 | H104: 137.1 | I104: 147.3 | J104: 162.7 | K104: 150.2 | L104: 119.8 | M104: 158.7 | N104: 139.2 | O104: 152.5 | P104: 150.1 | Q104: =AVERAGE(Q105:Q106) -> 155.6 | R104: 148.4 | S104: 138.8 | T104: 154.3 | U104: 123.6 | V104: 133.7 | W104: 142.6 | X104: 129.8 | Y104: 132.8 | Z104: 138.1 | AA104: =SUM(Table1[[#This Row],[Cereals and products]:[Food and beverages]])/13 -> 147.06154 | AB104: =SUM(Table1[[#This Row],[Fuel and light]]) -> 148.4 | AC104: =SUM(Table1[[#This Row],[Transport and communication]]) -> 123.6 | AD104: =SUM(Table1[[#This Row],[Housing]],Table1[[#This Row],[Household goods and services]])/2 -> 147.2 | AE104: =SUM(Table1[[#This Row],[Health]]) -> 154.3 | AF104: =SUM(Table1[[#This Row],[Recreation and amusement]],Table1[[#This Row],[Education]])/2 -> 138.15 | AG104: =SUM(Table1[[#This Row],[Miscellaneous]],Table1[[#This Row],[Personal care and effects]])/2 -> 131.3
A105: Rural+Urban | B105: 2020 | C105: April | D105: 148.7 | E105: 144.5 | F105: 148.8 | G105: 155.6 | H105: 135.1 | I105: 149.9 | J105: 168.6 | K105: 150.4 | L105: 120.3 | M105: 157.1 | N105: 136.8 | O105: 153.2 | P105: 151.4 | Q105: 155.6 | R105: 144.1 | S105: 139.8 | T105: 150.7 | U105: 124.5 | V105: 134.8 | W105: 143.1 | X105: 130.1 | Y105: 133.5 | Z105: 138.6 | AA105: =SUM(Table1[[#This Row],[Cereals and products]:[Food and beverages]])/13 -> 147.72308 | AB105: =SUM(Table1[[#This Row],[Fuel and light]]) -> 144.1 | AC105: =SUM(Table1[[#This Row],[Transport and communication]]) -> 124.5 | AD105: =SUM(Table1[[#This Row],[Housing]],Table1[[#This Row],[Household goods and services]])/2 -> 147.7 | AE105: =SUM(Table1[[#This Row],[Health]]) -> 150.7 | AF105: =SUM(Table1[[#This Row],[Recreation and amusement]],Table1[[#This Row],[Education]])/2 -> 138.95 | AG105: =SUM(Table1[[#This Row],[Miscellaneous]],Table1[[#This Row],[Personal care and effects]])/2 -> 131.8
A106: Urban | B106: 2020 | C106: April | D106: 151.8 | E106: 144.5 | F106: 151.9 | G106: 155.5 | H106: 131.6 | I106: 152.9 | J106: 180 | K106: 150.8 | L106: 121.2 | M106: 154 | N106: 133.5 | O106: 152.8 | P106: 153.5 | Q106: 155.6 | R106: 137.1 | S106: 139.3 | T106: 144.8 | U106: 124 | V106: 134.2 | W106: 142.8 | X106: 129.95 | Y106: 133.1 | Z106: 138.4 | AA106: =SUM(Table1[[#This Row],[Cereals and products]:[Food and beverages]])/13 -> 148.76923 | AB106: =SUM(Table1[[#This Row],[Fuel and light]]) -> 137.1 | AC106: =SUM(Table1[[#This Row],[Transport and communication]]) -> 124 | AD106: =SUM(Table1[[#This Row],[Housing]],Table1[[#This Row],[Household goods and services]])/2 -> 147.45 | AE106: =SUM(Table1[[#This Row],[Health]]) -> 144.8 | AF106: =SUM(Table1[[#This Row],[Recreation and amusement]],Table1[[#This Row],[Education]])/2 -> 138.5 | AG106: =SUM(Table1[[#This Row],[Miscellaneous]],Table1[[#This Row],[Personal care and effects]])/2 -> 131.525
A107: Urban | B107: 2018 | C107: May | D107: 135 | E107: 148.2 | F107: 130.5 | G107: 140.7 | H107: 116.4 | I107: 151.3 | J107: 131.4 | K107: 112.8 | L107: 105.3 | M107: 139.6 | N107: 126.6 | O107: 148.7 | P107: 136.4 | Q107: 143.2 | R107: 124.7 | S107: 132.5 | T107: 132 | U107: 119.8 | V107: 128 | W107: 140.4 | X107: 128.1 | Y107: 128.9 | Z107: 135.4 | AA107: =SUM(Table1[[#This Row],[Cereals and products]:[Food and beverages]])/13 -> 132.53077 | AB107: =SUM(Table1[[#This Row],[Fuel and light]]) -> 124.7 | AC107: =SUM(Table1[[#This Row],[Transport and communication]]) -> 119.8 | AD107: =SUM(Table1[[#This Row],[Housing]],Table1[[#This Row],[Household goods and services]])/2 -> 137.85 | AE107: =SUM(Table1[[#This Row],[Health]]) -> 132 | AF107: =SUM(Table1[[#This Row],[Recreation and amusement]],Table1[[#This Row],[Education]])/2 -> 134.2 | AG107: =SUM(Table1[[#This Row],[Miscellaneous]],Table1[[#This Row],[Personal care and effects]])/2 -> 128.5
A108: Rural+Urban | B108: 2018 | C108: May | D108: 136.6 | E108: 146.6 | F108: 133.6 | G108: 142.1 | H108: 121 | I108: 154.6 | J108: 135.6 | K108: 122.3 | L108: 109.6 | M108: 138.1 | N108: 129.9 | O108: 151.7 | P108: 138.1 | Q108: 143.2 | R108: 136.9 | S108: 137.4 | T108: 136 | U108: 122.9 | V108: 131.8 | W108: 142.1 | X108: 129.9 | Y108: 132.1 | Z108: 137.8 | AA108: =SUM(Table1[[#This Row],[Cereals and products]:[Food and beverages]])/13 -> 135.36923 | AB108: =SUM(Table1[[#This Row],[Fuel and light]]) -> 136.9 | AC108: =SUM(Table1[[#This Row],[Transport and communication]]) -> 122.9 | AD108: =SUM(Table1[[#This Row],[Housing]],Table1[[#This Row],[Household goods and services]])/2 -> 140.3 | AE108: =SUM(Table1[[#This Row],[Health]]) -> 136 | AF108: =SUM(Table1[[#This Row],[Recreation and amusement]],Table1[[#This Row],[Education]])/2 -> 136.95 | AG108: =SUM(Table1[[#This Row],[Miscellaneous]],Table1[[#This Row],[Personal care and effects]])/2 -> 131
A109: Rural | B109: 2018 | C109: May | D109: 137.4 | E109: 145.7 | F109: 135.5 | G109: 142.9 | H109: 123.6 | I109: 157.5 | J109: 137.8 | K109: 127.2 | L109: 111.8 | M109: 137.4 | N109: 132.2 | O109: 154.3 | P109: 139.1 | Q109: 143.2 | R109: 144.3 | S109: 141.8 | T109: 138.4 | U109: 126.4 | V109: 136.8 | W109: 144.4 | X109: 131.2 | Y109: 135.1 | Z109: 139.8 | AA109: =SUM(Table1[[#This Row],[Cereals and products]:[Food and beverages]])/13 -> 137.10769 | AB109: =SUM(Table1[[#This Row],[Fuel and light]]) -> 144.3 | AC109: =SUM(Table1[[#This Row],[Transport and communication]]) -> 126.4 | AD109: =SUM(Table1[[#This Row],[Housing]],Table1[[#This Row],[Household goods and services]])/2 -> 142.5 | AE109: =SUM(Table1[[#This Row],[Health]]) -> 138.4 | AF109: =SUM(Table1[[#This Row],[Recreation and amusement]],Table1[[#This Row],[Education]])/2 -> 140.6 | AG109: =SUM(Table1[[#This Row],[Miscellaneous]],Table1[[#This Row],[Personal care and effects]])/2 -> 133.15
A110: Urban | B110: 2017 | C110: May | D110: 132.6 | E110: 144.1 | F110: 125.6 | G110: 136.8 | H110: 113.4 | I110: 135.2 | J110: 129.2 | K110: 131.5 | L110: 121 | M110: 139.9 | N110: 123.8 | O110: 142.9 | P110: 133.6 | Q110: 132.1 | R110: 120.1 | S110: 126.5 | T110: 123.6 | U110: 114.3 | V110: 122.8 | W110: 133.8 | X110: 122 | Y110: 122.6 | Z110: 129.3 | AA110: =SUM(Table1[[#This Row],[Cereals and products]:[Food and beverages]])/13 -> 131.50769 | AB110: =SUM(Table1[[#This Row],[Fuel and light]]) -> 120.1 | AC110: =SUM(Table1[[#This Row],[Transport and communication]]) -> 114.3 | AD110: =SUM(Table1[[#This Row],[Housing]],Table1[[#This Row],[Household goods and services]])/2 -> 129.3 | AE110: =SUM(Table1[[#This Row],[Health]]) -> 123.6 | AF110: =SUM(Table1[[#This Row],[Recreation and amusement]],Table1[[#This Row],[Education]])/2 -> 128.3 | AG110: =SUM(Table1[[#This Row],[Miscellaneous]],Table1[[#This Row],[Personal care and effects]])/2 -> 122.3
A111: Rural+Urban | B111: 2017 | C111: May | D111: 132.9 | E111: 141.6 | F111: 126.3 | G111: 137.7 | H111: 118.1 | I111: 137.9 | J111: 125.6 | K111: 138.3 | L111: 119.4 | M111: 136 | N111: 127.6 | O111: 144.5 | P111: 133.7 | Q111: 132.1 | R111: 129.4 | S111: 130.9 | T111: 128.4 | U111: 116.7 | V111: 125.7 | W111: 134.8 | X111: 123 | Y111: 125.3 | Z111: 131.4 | AA111: =SUM(Table1[[#This Row],[Cereals and products]:[Food and beverages]])/13 -> 132.27692 | AB111: =SUM(Table1[[#This Row],[Fuel and light]]) -> 129.4 | AC111: =SUM(Table1[[#This Row],[Transport and communication]]) -> 116.7 | AD111: =SUM(Table1[[#This Row],[Housing]],Table1[[#This Row],[Household goods and services]])/2 -> 131.5 | AE111: =SUM(Table1[[#This Row],[Health]]) -> 128.4 | AF111: =SUM(Table1[[#This Row],[Recreation and amusement]],Table1[[#This Row],[Education]])/2 -> 130.25 | AG111: =SUM(Table1[[#This Row],[Miscellaneous]],Table1[[#This Row],[Personal care and effects]])/2 -> 124.15
A112: Rural | B112: 2017 | C112: May | D112: 133.1 | E112: 140.3 | F112: 126.8 | G112: 138.2 | H112: 120.8 | I112: 140.2 | J112: 123.8 | K112: 141.8 | L112: 118.6 | M112: 134 | N112: 130.3 | O112: 145.8 | P112: 133.8 | Q112: 132.1 | R112: 135 | S112: 134.9 | T112: 131.4 | U112: 119.4 | V112: 129.4 | W112: 136.3 | X112: 123.7 | Y112: 127.9 | Z112: 133.3 | AA112: =SUM(Table1[[#This Row],[Cereals and products]:[Food and beverages]])/13 -> 132.88462 | AB112: =SUM(Table1[[#This Row],[Fuel and light]]) -> 135 | AC112: =SUM(Table1[[#This Row],[Transport and communication]]) -> 119.4 | AD112: =SUM(Table1[[#This Row],[Housing]],Table1[[#This Row],[Household goods and services]])/2 -> 133.5 | AE112: =SUM(Table1[[#This Row],[Health]]) -> 131.4 | AF112: =SUM(Table1[[#This Row],[Recreation and amusement]],Table1[[#This Row],[Education]])/2 -> 132.85 | AG112: =SUM(Table1[[#This Row],[Miscellaneous]],Table1[[#This Row],[Personal care and effects]])/2 -> 125.8
A113: Urban | B113: 2016 | C113: May | D113: 125 | E113: 142.1 | F113: 127 | G113: 130.4 | H113: 109.6 | I113: 133.5 | J113: 151.4 | K113: 182.8 | L113: 111.1 | M113: 141.5 | N113: 121.5 | O113: 136.3 | P113: 134.6 | Q113: 126 | R113: 115 | S113: 123.2 | T113: 120.3 | U113: 110.7 | V113: 119.8 | W113: 128 | X113: 118.5 | Y113: 118.7 | Z113: 126.6 | AA113: =SUM(Table1[[#This Row],[Cereals and products]:[Food and beverages]])/13 -> 134.36923 | AB113: =SUM(Table1[[#This Row],[Fuel and light]]) -> 115 | AC113: =SUM(Table1[[#This Row],[Transport and communication]]) -> 110.7 | AD113: =SUM(Table1[[#This Row],[Housing]],Table1[[#This Row],[Household goods and services]])/2 -> 124.6 | AE113: =SUM(Table1[[#This Row],[Health]]) -> 120.3 | AF113: =SUM(Table1[[#This Row],[Recreation and amusement]],Table1[[#This Row],[Education]])/2 -> 123.9 | AG113: =SUM(Table1[[#This Row],[Miscellaneous]],Table1[[#This Row],[Personal care and effects]])/2 -> 118.6
A114: Rural+Urban | B114: 2016 | C114: May | D114: 126.8 | E114: 139.1 | F114: 125.4 | G114: 131.7 | H114: 115 | I114: 136 | J114: 145.1 | K114: 171.7 | L114: 108.7 | M114: 135.3 | N114: 124.2 | O114: 137.4 | P114: 134 | Q114: 126 | R114: 122.7 | S114: 126 | T114: 123.7 | U114: 112.8 | V114: 121.5 | W114: 128.5 | X114: 119.2 | Y114: 120.7 | Z114: 128.6 | AA114: =SUM(Table1[[#This Row],[Cereals and products]:[Food and beverages]])/13 -> 133.10769 | AB114: =SUM(Table1[[#This Row],[Fuel and light]]) -> 122.7 | AC114: =SUM(Table1[[#This Row],[Transport and communication]]) -> 112.8 | AD114: =SUM(Table1[[#This Row],[Housing]],Table1[[#This Row],[Household goods and services]])/2 -> 126 | AE114: =SUM(Table1[[#This Row],[Health]]) -> 123.7 | AF114: =SUM(Table1[[#This Row],[Recreation and amusement]],Table1[[#This Row],[Education]])/2 -> 125 | AG114: =SUM(Table1[[#This Row],[Miscellaneous]],Table1[[#This Row],[Personal care and effects]])/2 -> 119.95
A115: Rural | B115: 2016 | C115: May | D115: 127.6 | E115: 137.5 | F115: 124.4 | G115: 132.4 | H115: 118.2 | I115: 138.1 | J115: 141.8 | K115: 166 | L115: 107.5 | M115: 132.2 | N115: 126.1 | O115: 138.3 | P115: 133.6 | Q115: 126 | R115: 127.4 | S115: 128.5 | T115: 125.8 | U115: 115.1 | V115: 123.6 | W115: 129.1 | X115: 119.7 | Y115: 122.5 | Z115: 130.3 | AA115: =SUM(Table1[[#This Row],[Cereals and products]:[Food and beverages]])/13 -> 132.59231 | AB115: =SUM(Table1[[#This Row],[Fuel and light]]) -> 127.4 | AC115: =SUM(Table1[[#This Row],[Transport and communication]]) -> 115.1 | AD115: =SUM(Table1[[#This Row],[Housing]],Table1[[#This Row],[Household goods and services]])/2 -> 127.25 | AE115: =SUM(Table1[[#This Row],[Health]]) -> 125.8 | AF115: =SUM(Table1[[#This Row],[Recreation and amusement]],Table1[[#This Row],[Education]])/2 -> 126.35 | AG115: =SUM(Table1[[#This Row],[Miscellaneous]],Table1[[#This Row],[Personal care and effects]])/2 -> 121.1
A116: Rural | B116: 2015 | C116: May | D116: 123.5 | E116: 127.1 | F116: 117.3 | G116: 127.7 | H116: 112.5 | I116: 134.1 | J116: 128.5 | K116: 124.3 | L116: 97.6 | M116: 120.7 | N116: 120.2 | O116: 129.8 | P116: 124.4 | Q116: 114.3 | R116: 121.9 | S116: 121.5 | T116: 119.4 | U116: 113.3 | V116: 116.7 | W116: 120.5 | X116: 112.3 | Y116: 116.9 | Z116: 122.4 | AA116: =SUM(Table1[[#This Row],[Cereals and products]:[Food and beverages]])/13 -> 122.13077 | AB116: =SUM(Table1[[#This Row],[Fuel and light]]) -> 121.9 | AC116: =SUM(Table1[[#This Row],[Transport and communication]]) -> 113.3 | AD116: =SUM(Table1[[#This Row],[Housing]],Table1[[#This Row],[Household goods and services]])/2 -> 117.9 | AE116: =SUM(Table1[[#This Row],[Health]]) -> 119.4 | AF116: =SUM(Table1[[#This Row],[Recreation and amusement]],Table1[[#This Row],[Education]])/2 -> 118.6 | AG116: =SUM(Table1[[#This Row],[Miscellaneous]],Table1[[#This Row],[Personal care and effects]])/2 -> 114.6
... A125: Rural+Urban | B125: 2014 | C125: Marcrh | D125: 120.7 | E125: 119.3 | F125: 121 | G125: 116.1 | H125: 106.9 | I125: 118.7 | J125: 116.3 | K125: 109.8 | L125: 99.6 | M125: 111.8 | N125: 112.7 | O125: 119.3 | P125: 116.1 | Q125: 113.2 | R125: 112.5 | S125: 113.2 | T125: 111.2 | U125: 111.4 | V125: 110.6 | W125: 112 | X125: 109 | Y125: 111.3 | Z125: 114.2 | AA125: =SUM(Table1[[#This Row],[Cereals and products]:[Food and beverages]])/13 -> 114.48462 | AB125: =SUM(Table1[[#This Row],[Fuel and light]]) -> 112.5 | AC125: =SUM(Table1[[#This Row],[Transport and communication]]) -> 111.4 | AD125: =SUM(Table1[[#This Row],[Housing]],Table1[[#This Row],[Household goods and services]])/2 -> 113.2 | AE125: =SUM(Table1[[#This Row],[Health]]) -> 111.2 | AF125: =SUM(Table1[[#This Row],[Recreation and amusement]],Table1[[#This Row],[Education]])/2 -> 111.3 | AG125: =SUM(Table1[[#This Row],[Miscellaneous]],Table1[[#This Row],[Personal care and effects]])/2 -> 110.15
A126: Rural | B126: 2023 | C126: March | D126: 174.3 | E126: 205.2 | F126: 173.9 | G126: 177 | H126: 183.3 | I126: 167.2 | J126: 140.9 | K126: 170.5 | L126: 119.1 | M126: 212.1 | N126: 177.6 | O126: 189.9 | P126: 174.8 | Q126: =AVERAGE(Q127:Q128) -> 173.5 | R126: 181.4 | S126: 178.6 | T126: 186.6 | U126: 169 | V126: 172.8 | W126: 178.5 | X126: 180.7 | Y126: 177.9 | Z126: 178 | AA126: =SUM(Table1[[#This Row],[Cereals and products]:[Food and beverages]])/13 -> 174.29231 | AB126: =SUM(Table1[[#This Row],[Fuel and light]]) -> 181.4 | AC126: =SUM(Table1[[#This Row],[Transport and communication]]) -> 169 | AD126: =SUM(Table1[[#This Row],[Housing]],Table1[[#This Row],[Household goods and services]])/2 -> 176.05 | AE126: =SUM(Table1[[#This Row],[Health]]) -> 186.6 | AF126: =SUM(Table1[[#This Row],[Recreation and amusement]],Table1[[#This Row],[Education]])/2 -> 175.65 | AG126: =SUM(Table1[[#This Row],[Miscellaneous]],Table1[[#This Row],[Personal care and effects]])/2 -> 179.3
A127: Rural+Urban | B127: 2023 | C127: March | D127: 174.4 | E127: 207.7 | F127: 175.2 | G127: 177.3 | H127: 179.2 | I127: 169.5 | J127: 152.8 | K127: 171.1 | L127: 120 | M127: 209.7 | N127: 172.3 | O127: 193 | P127: 177 | Q127: 173.5 | R127: 181.9 | S127: 174.2 | T127: 184.4 | U127: 164.2 | V127: 170.3 | W127: 175 | X127: 181 | Y127: 174.1 | Z127: 177.2 | AA127: =SUM(Table1[[#This Row],[Cereals and products]:[Food and beverages]])/13 -> 175.32308 | AB127: =SUM(Table1[[#This Row],[Fuel and light]]) -> 181.9 | AC127: =SUM(Table1[[#This Row],[Transport and communication]]) -> 164.2 | AD127: =SUM(Table1[[#This Row],[Housing]],Table1[[#This Row],[Household goods and services]])/2 -> 173.85 | AE127: =SUM(Table1[[#This Row],[Health]]) -> 184.4 | AF127: =SUM(Table1[[#This Row],[Recreation and amusement]],Table1[[#This Row],[Education]])/2 -> 172.65 | AG127: =SUM(Table1[[#This Row],[Miscellaneous]],Table1[[#This Row],[Personal care and effects]])/2 -> 177.55
A128: Urban | B128: 2023 | C128: March | D128: 174.7 | E128: 212.2 | F128: 177.2 | G128: 177.9 | H128: 172.2 | I128: 172.1 | J128: 175.9 | K128: 172.2 | L128: 121.9 | M128: 204.8 | N128: 164.9 | O128: 196.6 | P128: 180.8 | Q128: 173.5 | R128: 182.6 | S128: 169.2 | T128: 180.8 | U128: 159.8 | V128: 168.4 | W128: 172.5 | X128: 181.5 | Y128: 170 | Z128: 176.3 | AA128: =SUM(Table1[[#This Row],[Cereals and products]:[Food and beverages]])/13 -> 177.18462 | AB128: =SUM(Table1[[#This Row],[Fuel and light]]) -> 182.6 | AC128: =SUM(Table1[[#This Row],[Transport and communication]]) -> 159.8 | AD128: =SUM(Table1[[#This Row],[Housing]],Table1[[#This Row],[Household goods and services]])/2 -> 171.35 | AE128: =SUM(Table1[[#This Row],[Health]]) -> 180.8 | AF128: =SUM(Table1[[#This Row],[Recreation and amusement]],Table1[[#This Row],[Education]])/2 -> 170.45 | AG128: =SUM(Table1[[#This Row],[Miscellaneous]],Table1[[#This Row],[Personal care and effects]])/2 -> 175.75
A129: Rural | B129: 2022 | C129: March | D129: 150.2 | E129: 208 | F129: 167.9 | G129: 162 | H129: 203.1 | I129: 155.9 | J129: 155.8 | K129: 164.2 | L129: 118.1 | M129: 178.7 | N129: 171.2 | O129: 177.4 | P129: 166.6 | Q129: =AVERAGE(Q130:Q131) -> 165.3 | R129: 168.9 | S129: 166.5 | T129: 176 | U129: 162 | V129: 166.6 | W129: 170.6 | X129: 167.4 | Y129: 168.3 | Z129: 168.7 | AA129: =SUM(Table1[[#This Row],[Cereals and products]:[Food and beverages]])/13 -> 167.62308 | AB129: =SUM(Table1[[#This Row],[Fuel and light]]) -> 168.9 | AC129: =SUM(Table1[[#This Row],[Transport and communication]]) -> 162 | AD129: =SUM(Table1[[#This Row],[Housing]],Table1[[#This Row],[Household goods and services]])/2 -> 165.9 | AE129: =SUM(Table1[[#This Row],[Health]]) -> 176 | AF129: =SUM(Table1[[#This Row],[Recreation and amusement]],Table1[[#This Row],[Education]])/2 -> 168.6 | AG129: =SUM(Table1[[#This Row],[Miscellaneous]],Table1[[#This Row],[Personal care and effects]])/2 -> 167.85
A130: Rural+Urban | B130: 2022 | C130: March | D130: 151.3 | E130: 210.7 | F130: 167.8 | G130: 162.2 | H130: 194.6 | I130: 157.6 | J130: 166.9 | K130: 163.9 | L130: 118.8 | M130: 177.4 | N130: 165.3 | O130: 179.3 | P130: 168.4 | Q130: 165.3 | R130: 167.2 | S130: 162.8 | T130: 173 | U130: 157.9 | V130: 163.3 | W130: 166 | X130: 167.2 | Y130: 164.6 | Z130: 167.7 | AA130: =SUM(Table1[[#This Row],[Cereals and products]:[Food and beverages]])/13 -> 168.01538 | AB130: =SUM(Table1[[#This Row],[Fuel and light]]) -> 167.2 | AC130: =SUM(Table1[[#This Row],[Transport and communication]]) -> 157.9 | AD130: =SUM(Table1[[#This Row],[Housing]],Table1[[#This Row],[Household goods and services]])/2 -> 164.05 | AE130: =SUM(Table1[[#This Row],[Health]]) -> 173 | AF130: =SUM(Table1[[#This Row],[Recreation and amusement]],Table1[[#This Row],[Education]])/2 -> 164.65 | AG130: =SUM(Table1[[#This Row],[Miscellaneous]],Table1[[#This Row],[Personal care and effects]])/2 -> 165.9
A131: Urban | B131: 2022 | C131: March | D131: 153.7 | E131: 215.8 | F131: 167.7 | G131: 162.6 | H131: 180 | I131: 159.6 | J131: 188.4 | K131: 163.4 | L131: 120.3 | M131: 174.7 | N131: 157.1 | O131: 181.5 | P131: 171.5 | Q131: 165.3 | R131: 164.5 | S131: 158.6 | T131: 168.2 | U131: 154.2 | V131: 160.8 | W131: 162.7 | X131: 166.8 | Y131: 160.6 | Z131: 166.5 | AA131: =SUM(Table1[[#This Row],[Cereals and products]:[Food and beverages]])/13 -> 168.94615 | AB131: =SUM(Table1[[#This Row],[Fuel and light]]) -> 164.5 | AC131: =SUM(Table1[[#This Row],[Transport and communication]]) -> 154.2 | AD131: =SUM(Table1[[#This Row],[Housing]],Table1[[#This Row],[Household goods and services]])/2 -> 161.95 | AE131: =SUM(Table1[[#This Row],[Health]]) -> 168.2 | AF131: =SUM(Table1[[#This Row],[Recreation and amusement]],Table1[[#This Row],[Education]])/2 -> 161.75 | AG131: =SUM(Table1[[#This Row],[Miscellaneous]],Table1[[#This Row],[Personal care and effects]])/2 -> 163.7
A132: Rural | B132: 2020 | C132: August | D132: 147.6 | E132: 187.2 | F132: 148.4 | G132: 153.3 | H132: 139.8 | I132: 146.9 | J132: 171 | K132: 149.9 | L132: 114.2 | M132: 160 | N132: 143.5 | O132: 161.5 | P132: 155.3 | Q132: =AVERAGE(Q133:Q134) -> 155.5 | R132: 145.8 | S132: 151.9 | T132: 158.8 | U132: 143.6 | V132: 152.2 | W132: 162.7 | X132: 153.6 | Y132: 153 | Z132: 154.7 | AA132: =SUM(Table1[[#This Row],[Cereals and products]:[Food and beverages]])/13 -> 152.2 | AB132: =SUM(Table1[[#This Row],[Fuel and light]]) -> 145.8 | AC132: =SUM(Table1[[#This Row],[Transport and communication]]) -> 143.6 | AD132: =SUM(Table1[[#This Row],[Housing]],Table1[[#This Row],[Household goods and services]])/2 -> 153.7 | AE132: =SUM(Table1[[#This Row],[Health]]) -> 158.8 | AF132: =SUM(Table1[[#This Row],[Recreation and amusement]],Table1[[#This Row],[Education]])/2 -> 157.45 | AG132: =SUM(Table1[[#This Row],[Miscellaneous]],Table1[[#This Row],[Personal care and effects]])/2 -> 153.3
A133: Rural+Urban | B133: 2020 | C133: August | D133: 148.9 | E133: 190.9 | F133: 150.8 | G133: 153.3 | H133: 137.4 | I133: 150.4 | J133: 178.1 | K133: 150.4 | L133: 115.1 | M133: 160 | N133: 140.6 | O133: 162.3 | P133: 157 | Q133: 155.5 | R133: 143 | S133: 148.4 | T133: 155 | U133: 138.5 | V133: 146 | W133: 158.5 | X133: 154.3 | Y133: 149 | Z133: 153.9 | AA133: =SUM(Table1[[#This Row],[Cereals and products]:[Food and beverages]])/13 -> 153.47692 | AB133: =SUM(Table1[[#This Row],[Fuel and light]]) -> 143 | AC133: =SUM(Table1[[#This Row],[Transport and communication]]) -> 138.5 | AD133: =SUM(Table1[[#This Row],[Housing]],Table1[[#This Row],[Household goods and services]])/2 -> 151.95 | AE133: =SUM(Table1[[#This Row],[Health]]) -> 155 | AF133: =SUM(Table1[[#This Row],[Recreation and amusement]],Table1[[#This Row],[Education]])/2 -> 152.25 | AG133: =SUM(Table1[[#This Row],[Miscellaneous]],Table1[[#This Row],[Personal care and effects]])/2 -> 151.65
A134: Urban | B134: 2020 | C134: August | D134: 151.6 | E134: 197.8 | F134: 154.5 | G134: 153.4 | H134: 133.4 | I134: 154.5 | J134: 191.9 | K134: 151.3 | L134: 116.8 | M134: 160 | N134: 136.5 | O134: 163.3 | P134: 159.9 | Q134: 155.5 | R134: 138.3 | S134: 144.5 | T134: 148.7 | U134: 133.9 | V134: 141.2 | W134: 155.5 | X134: 155.2 | Y134: 144.8 | Z134: 152.9 | AA134: =SUM(Table1[[#This Row],[Cereals and products]:[Food and beverages]])/13 -> 155.76154 | AB134: =SUM(Table1[[#This Row],[Fuel and light]]) -> 138.3 | AC134: =SUM(Table1[[#This Row],[Transport and communication]]) -> 133.9 | AD134: =SUM(Table1[[#This Row],[Housing]],Table1[[#This Row],[Household goods and services]])/2 -> 150 | AE134: =SUM(Table1[[#This Row],[Health]]) -> 148.7 | AF134: =SUM(Table1[[#This Row],[Recreation and amusement]],Table1[[#This Row],[Education]])/2 -> 148.35 | AG134: =SUM(Table1[[#This Row],[Miscellaneous]],Table1[[#This Row],[Personal care and effects]])/2 -> 150
A135: Rural | B135: 2020 | C135: December | D135: 144.6 | E135: 188.5 | F135: 173.4 | G135: 154 | H135: 150 | I135: 145.9 | J135: 225.2 | K135: 159.5 | L135: 114.4 | M135: 163.5 | N135: 153.4 | O135: 163.6 | P135: 164.5 | Q135: =AVERAGE(Q136:Q137) -> 158.4 | R135: 148.7 | S135: 153.4 | T135: 161.6 | U135: 146.4 | V135: 153.9 | W135: 162.9 | X135: 156.6 | Y135: 155.2 | Z135: 160.7 | AA135: =SUM(Table1[[#This Row],[Cereals and products]:[Food and beverages]])/13 -> 161.57692 | AB135: =SUM(Table1[[#This Row],[Fuel and light]]) -> 148.7 | AC135: =SUM(Table1[[#This Row],[Transport and communication]]) -> 146.4 | AD135: =SUM(Table1[[#This Row],[Housing]],Table1[[#This Row],[Household goods and services]])/2 -> 155.9 | AE135: =SUM(Table1[[#This Row],[Health]]) -> 161.6 | AF135: =SUM(Table1[[#This Row],[Recreation and amusement]],Table1[[#This Row],[Education]])/2 -> 158.4 | AG135: =SUM(Table1[[#This Row],[Miscellaneous]],Table1[[#This Row],[Personal care and effects]])/2 -> 155.9
